-- phpMyAdmin SQL Dump
-- version 4.9.2
-- https://www.phpmyadmin.net/
--
-- Host: 127.0.0.1
-- Tempo de geração: 15-Mar-2021 às 03:37
-- Versão do servidor: 10.4.11-MariaDB
-- versão do PHP: 7.2.26

SET SQL_MODE = "NO_AUTO_VALUE_ON_ZERO";
SET AUTOCOMMIT = 0;
START TRANSACTION;
SET time_zone = "+00:00";


/*!40101 SET @OLD_CHARACTER_SET_CLIENT=@@CHARACTER_SET_CLIENT */;
/*!40101 SET @OLD_CHARACTER_SET_RESULTS=@@CHARACTER_SET_RESULTS */;
/*!40101 SET @OLD_COLLATION_CONNECTION=@@COLLATION_CONNECTION */;
/*!40101 SET NAMES utf8mb4 */;

--
-- Banco de dados: `my_lista`
--

-- --------------------------------------------------------

--
-- Estrutura da tabela `animes`
--

CREATE TABLE `animes` (
  `id_anime` int(11) NOT NULL,
  `nome_anime` varchar(300) NOT NULL,
  `nota` varchar(5) NOT NULL,
  `sinopse` text NOT NULL,
  `genero` varchar(500) NOT NULL,
  `dt_lancamento` date NOT NULL,
  `dt_cadastro` datetime NOT NULL DEFAULT current_timestamp(),
  `qnt_eps` int(11) NOT NULL,
  `status_anime` varchar(30) NOT NULL,
  `link` varchar(500) NOT NULL
) ENGINE=InnoDB DEFAULT CHARSET=utf8mb4;

--
-- Extraindo dados da tabela `animes`
--

INSERT INTO `animes` (`id_anime`, `nome_anime`, `nota`, `sinopse`, `genero`, `dt_lancamento`, `dt_cadastro`, `qnt_eps`, `status_anime`, `link`) VALUES
(1, 'Haikyuu!!: To The Top', '', 'Depois de sua vitória triunfante sobre a Academia Shiratorizawa, o time de vôlei da Escola Secundária Karasuno conquistou sua tão esperada passagem para as competições nacionais. Quando os preparativos começam, o levantador genial Tobio Kageyama é convidado para o All-Japan Youth Training Camp para jogar ao lado de outros jogadores reconhecidos nacionalmente. Enquanto isso, Kei Tsukishima é convidado para um campo de treinamento especial para iniciantes na prefeitura de Miyagi. Não recebendo nenhum convite, o entusiasmado Shouyou Hinata se sente deixado para trás.\r\n\r\nNo entanto, Hinata não desiste. Transformando sua frustração em automotivação, ele corajosamente decide se esgueirar para o mesmo campo de treinamento de novato que Tsukishima. Mesmo que Hinata consiga um emprego apenas como o garoto-propaganda, ele vê isso como uma oportunidade de ouro. Ele começa não apenas a refletir sobre suas habilidades como jogador de vôlei, mas também a analisar a abundância de informações disponíveis na quadra e como ele pode aplicá-las.\r\n\r\nÀ medida que o tão esperado torneio nacional se aproxima, os membros da equipe de voleibol de Karasuno tentam superar seus pontos fracos e refinar suas habilidades, tudo isso enquanto almejam o topo!', 'Comédia , Esportes , Drama , Escola , Shounen', '2020-01-10', '2020-12-16 00:00:00', 25, 'Em exibição', 'https://animesonline.cc/anime/haikyuu-hd/'),
(2, 'Tonikaku Kawaii', '', 'Nasa Yuzaki está determinado a deixar seu nome nos livros de história. Primeiro colocado no simulado nacional e almejando um ensino médio de destaque, ele tem certeza de que tem a vida toda traçada. No entanto, o destino é uma amante inconstante. Em seu caminho para casa em uma noite de neve, os olhos da Nasa caem sobre uma beleza incomparável do outro lado da rua. Enfeitiçada, a Nasa tenta se aproximar dela - apenas para ser surpreendida por um caminhão que se aproxima.\r\n\r\nFelizmente, sua vida foi poupada devido à ação rápida da garota. Sangrando ao lado de uma ambulância, ele observa enquanto a garota se afasta sob o luar - uma reminiscência da Princesa Kaguya partindo para a lua. Recusando-se a deixar esse encontro casual terminar, ele força seu corpo aleijado a persegui-la e a convida para sair. Surpresa com sua temeridade e pura determinação, a jovem aceita sua confissão com uma única condição: eles só podem ficar juntos se ele se casar com ela!', 'Comédia , Romance , Shounen', '2020-10-03', '2020-12-16 01:24:02', 12, 'Em exibição', 'https://animesonline.cc/anime/tonikaku-kawaii/'),
(3, 'Uzaki-chan wa Asobitai!', '', 'No início de seu primeiro ano na faculdade, Hana Uzaki se reúne com Shinichi Sakurai, um veterano que estava no mesmo clube que ela durante seus tempos de colégio. No entanto, para sua surpresa, o antes ativo acabou se tornando um estudante \"solitário\", preferindo passar seu tempo livre em paz e tranquilidade.\r\n\r\nUzaki faz o que pode para impedir Sakurai de ficar \"sozinho\", de convencê-lo a ir ao cinema a ir para seu trabalho de meio período. Embora Sakurai a ache irritante e cansativa, ele ainda concorda com as travessuras e travessuras de Uzaki, mesmo sabendo que sua personalidade alegre só levará os dois a várias situações cômicas.\r\n\r\nMesmo assim, com o passar dos dias, o relacionamento deles só fica melhor, a ponto de as pessoas ao seu redor interpretarem mal que eles são um casal. De qualquer forma, sempre que Uzaki quer sair com seu veterano, diversão e loucura adorável certamente virão!', 'Slice of Life , Comedy , Romance , Ecchi', '2020-07-10', '2020-12-16 01:24:02', 12, 'Finalizado', ''),
(4, 'Kanojo, Okarishimasu', '', 'Kazuya Kinoshita é uma estudante universitária de 20 anos que tem uma namorada maravilhosa: a brilhante e ensolarada Mami Nanami. Mas de repente, ele não faz. Sem avisar, Mami termina com ele, deixando-o totalmente com o coração partido e sozinho. Buscando aliviar a dor, ele contrata uma namorada alugada por meio de um aplicativo online. Seu parceiro é Chizuru Mizuhara, que por meio de sua beleza incomparável e comportamento fofo, consegue ganhar o afeto de Kazuya.\r\n\r\nMas depois de ler experiências semelhantes que outros clientes tiveram com Chizuru, Kazuya acredita que seu sorriso caloroso e personalidade carinhosa foram apenas um ato para brincar com seu coração, e ele a avalia mal. Irritada, Chizuru censura-o por sua hipocrisia desavergonhada, revelando seu verdadeiro eu atrevido e temperamental. Esta troca unilateral é interrompida, no entanto, quando Kazuya descobre que sua avó desmaiou.\r\n\r\nEles correm em direção ao hospital e encontram a avó de Kazuya já em boas condições. Perplexa com a presença de Chizuru, ela pergunta quem pode ser essa garota. No impulso, Kazuya prontamente declara que eles são amantes, forçando Chizuru a desempenhar o papel. Mas com Kazuya ainda preso a seu relacionamento anterior com Mami, por quanto tempo esse cliente difícil e relutante namorada alugada conseguirá manter sua atuação?', 'Comédia , Romance , Escola , Shounen', '2020-07-11', '2020-12-16 01:29:07', 12, 'Finalizado', ''),
(5, 'Nisekoi', '', 'Raku Ichijou, aluno do primeiro ano da Bonyari High School, é o único herdeiro de uma intimidante família yakuza. Dez anos atrás, Raku fez uma promessa a seu amigo de infância. Agora, tudo o que ele precisa é de um pingente com fechadura, que só pode ser destrancado com a chave que a menina levou consigo quando se separaram.\r\n\r\nAgora, anos depois, Raku se tornou um adolescente típico, e tudo o que ele quer é permanecer tão distante quanto possível em sua formação yakuza, enquanto passa seus dias de escola ao lado de sua paixão do ensino médio Kosaki Onodera. No entanto, quando o American Bee Hive Gang invade o território de sua família, os sonhos românticos idílicos de Raku são destruídos enquanto ele é arrastado para um conflito frustrante: Raku deve fingir que está em um relacionamento romântico com Chitoge Kirisaki, a bela filha de o chefe da Colmeia das Abelhas, de forma a reduzir o atrito entre os dois grupos. Infelizmente, a realidade não poderia estar mais longe dessa mentira colossal - Raku e Chitoge caem de ódio à primeira vista, pois a garota está convencida de que ele é uma patética tarefa simples e, aos olhos de Raku, Chitoge é tão atraente quanto um gorila selvagem.\r\n\r\nNisekoisegue as travessuras diárias desse casal incompatível que foi forçado a se dar bem para manter a paz na cidade. Com muito mais garotas surgindo em sua vida, todas envolvidas com o passado de Raku de alguma forma, sua busca pela garota que mantém seu coração e sua promessa o leva a direções mais inesperadas do que ele esperava.', ' Harém , Comédia , Romance , Escola , Shounen', '2014-01-11', '2020-12-16 01:29:07', 20, 'Finalizado', ''),
(6, 'Gekkan Shoujo Nozaki-kun', '', 'Chiyo Sakura é uma alegre estudante do ensino médio que está apaixonada pelo esquecido Umetarou Nozaki. Para grande confusão de Chiyo, quando ela confessa a seu amado Nozaki, ele lhe entrega um autógrafo desconhecido. Acontece que o adolescente estóico é na verdade um respeitado shoujo mangaká, publicando com o pseudônimo de Sakiko Yumeno! Uma série de mal-entendidos leva Chiyo a se tornar uma das assistentes de mangá de Nozaki.\r\n\r\nDurante os eventos hilários que se seguiram, ela fez amizade com muitos de seus peculiares colegas de escola, incluindo seu colega assistente aparentemente desavergonhado, Mikoto Mikoshiba, e o \"Príncipe da Escola\", Yuu Kashima. Gekkan Shoujo Nozaki-kun segue Chiyo enquanto ela se esforça para ajudar Nozaki com seu mangá e espera que ele eventualmente note seus sentimentos.\r\n', ' Comédia , Romance , Escola', '2014-07-04', '2020-12-16 01:33:48', 12, 'Finalizado', ''),
(7, 'Ansatsu Kyoushitsu\r\nAssassination Classroom', '', 'Quando uma criatura misteriosa reduz a lua a um crescente permanente, os alunos da classe 3-E da Kunugigaoka Middle School se vêem confrontados com uma tarefa enorme: assassinar a criatura responsável pelo desastre antes que a Terra tenha um destino semelhante. No entanto, o monstro, apelidado de Koro-sensei (o professor indestrutível), é capaz de voar a velocidades de até Mach 20, o que ele demonstra livremente, deixando qualquer tentativa de subjugá-lo em sua poeira extraterrestre. Além disso, os desajustados do 3-E logo descobrem que o estranho animal com tentáculos é mais do que apenas indomável - ele é o melhor professor que já tiveram!\r\n\r\nAdaptado do mangá de sucesso humorístico de Yuusei Matsui, Ansatsu Kyoushitsuconta a história desses alunos do ensino fundamental enquanto eles aprimoram suas habilidades de assassinato e crescem para se manterem fortes contra o sistema escolar opressor, seus próprios problemas de vida e, um dia, Koro-sensei.', ' Ação , Comédia , Escola , Shounen', '2015-01-10', '2020-12-16 01:33:48', 22, 'Finalizado', ''),
(8, 'Seishun Buta Yarou wa Bunny Girl Senpai no Yume wo Minai', '', 'A rara e inexplicável Síndrome da Puberdade é considerada um mito. É uma doença rara, que atinge apenas adolescentes, e seus sintomas são tão sobrenaturais que quase ninguém a reconhece como uma ocorrência legítima. No entanto, o estudante do ensino médio Sakuta Azusagawa sabe por experiência própria que é muito real e é bastante comum em sua escola.\r\n\r\nMai Sakurajima é uma estudante do terceiro ano do ensino médio que ganhou fama em sua juventude como atriz infantil, mas recentemente interrompeu sua promissora carreira por motivos desconhecidos do público. Com um ar de inacessibilidade, ela é bem conhecida em toda a escola, mas ninguém ousa interagir com ela - isso até que Sakuta a vê vagando pela biblioteca em uma fantasia de coelhinha. Apesar da roupa, ninguém parece notá-la e, após confrontá-la, ele percebe que ela é outra vítima da Síndrome da Puberdade. Enquanto Sakuta tenta ajudar Mai em sua situação, suas ações o colocam em contato com mais garotas afetadas pela doença indescritível.', 'Comédia , Sobrenatural , Drama , Romance , Escola', '2018-10-04', '2020-12-16 01:36:26', 13, 'Finalizado', ''),
(9, 'Mob Psycho 100 II (Segunda Temporada)', '', 'Shigeo \"Mob\" Kageyama está agora amadurecendo e entendendo seu papel como um médium sobrenatural que tem o poder de afetar drasticamente o sustento de outras pessoas. Ele e seu mentor Reigen Arataka continuam a lidar com pedidos sobrenaturais de clientes, seja exorcizando espíritos malignos ou enfrentando lendas urbanas que assombram os cidadãos.\r\n\r\nEmbora o fluxo de trabalho permaneça o mesmo, Mob não está mais apenas seguindo Reigen cegamente. Com todas as suas experiências como um médium ridiculamente forte, as aventuras sobrenaturais de Mob agora têm mais peso para elas. As coisas assumem um tom sério e sombrio, já que os perigos que Mob e Reigen enfrentam são muito mais tangíveis e perturbadores do que nunca.', ' Ação, Comédia , Sobrenatural', '2019-01-07', '2020-12-16 01:36:26', 13, 'Finalizado', ''),
(10, 'Kobayashi-san Chi no Maid Dragon', '', 'Quando Kobayashi sai para mais um dia de trabalho, ela abre a porta de seu apartamento apenas para encontrar uma visão incomumente assustadora - a cabeça de um dragão, olhando para ela do outro lado da varanda. O dragão imediatamente se transforma em uma garota bonita, peituda e cheia de energia vestida com uma roupa de empregada doméstica, apresentando-se como Tooru.\r\n\r\nAcontece que o estóico programador encontrou o dragão na noite anterior em uma excursão bêbada às montanhas e, como a besta mítica não tinha para onde ir, ela ofereceu à criatura um lugar para ficar em sua casa. Assim, Tooru havia chegado para lucrar com a oferta, pronta para retribuir a bondade de seu salvador trabalhando como sua serva pessoal. Embora profundamente arrependido de suas palavras e hesitante em cumprir sua promessa, uma mistura de culpa e as incríveis habilidades de dragão de Tooru convence Kobayashi a aceitar a garota.\r\n\r\nApesar de ser extremamente eficiente em seu trabalho, os métodos pouco ortodoxos de limpeza da empregada frequentemente acabam aterrorizando Kobayashi e às vezes trazem mais problemas do que ajuda. Além disso, as circunstâncias por trás da chegada do dragão na Terra parecem ser muito mais complicadas do que à primeira vista, já que Tooru carrega algumas emoções pesadas e memórias dolorosas. Ainda por cima, a presença de Tooru acaba atraindo vários outros seres míticos para sua nova casa, trazendo uma série de personalidades excêntricas. Embora Kobayashi faça seu melhor esforço para lidar com a situação louca em que se encontra, nada a preparou para esta nova vida com uma donzela dragão.', ' Slice of Life , Comedy , Fantasy', '2017-01-12', '2020-12-16 15:04:10', 13, 'Finalizado', ''),
(11, 'Blend S', '', 'Desejando ser independente, Maika Sakuranomiya, de 16 anos, está desesperada para conseguir um emprego de meio período para ter dinheiro para estudar no exterior. Infelizmente, suas inscrições são constantemente rejeitadas devido ao olhar ameaçador que ela involuntariamente faz sempre que sorri, apesar de sua disposição alegre.\r\n\r\nDepois de mais uma entrevista fracassada, ela se depara com o Café Stile, uma cafeteria onde os servidores interagem com os clientes enquanto interpretam características distintas. O gerente da loja italiana, Dino, se apaixona pela fofura de Maika à primeira vista e lhe oferece um emprego de garçonete de natureza sádica. Juntamente com sua falta de jeito inerente, ela consegue atender com sucesso a um par de clientes masoquistas de acordo com sua nova e implacável persona. Ao lado de Kaho Hinata como a tsundere e Mafuyu Hoshikawa como a irmã mais nova, Maika decide tirar o máximo proveito de sua peculiaridade única e consolidar sua posição no café com crueldade impiedosa!', 'Slice of Life , Comedy', '2017-10-08', '2020-12-16 15:04:10', 12, 'Finalizado', ''),
(12, 'Kiss x Sis', '', 'Depois que a mãe de Keita Suminoe faleceu, seu pai imediatamente se casou novamente, introduzindo duas meio-irmãs na vida de Keita: as gêmeas Ako e Riko. Mas desde o primeiro encontro fatídico, uma onda de amor incestuoso por seu irmão mais novo dominou as meninas, iniciando uma rivalidade vitalícia por seu coração.\r\n\r\nAgora, no final de sua carreira no ensino médio, Keita estuda fervorosamente para poder frequentar o colégio de Ako e Riko. Enquanto faz isso, no entanto, ele deve resolver seus sentimentos conflitantes por seus irmãos e rejeitar ou sucumbir aos avanços íntimos de suas irmãs. Felizmente - ou talvez infelizmente para Keita - suas irmãs não são as únicas mulheres o desejando, e não há como dizer quando o fascínio da tentação vai levar o melhor do menino também.', 'Harém , Comédia , Romance , Ecchi , Escola , Seinen', '2010-04-05', '2020-12-16 15:08:33', 12, 'Finalizado', ''),
(13, 'The God of High School', '', 'O torneio \"God of High School\" começou, buscando o maior lutador entre os estudantes coreanos do ensino médio! Todos os estilos de artes marciais, armas, meios e métodos de obtenção da vitória são permitidos. O prêmio? Um desejo para qualquer coisa desejada pelo vencedor.\r\n\r\nJin Mo-Ri, especialista em taekwondo, está convidado a participar da competição. Lá ele fez amizade com o especialista em caratê Han Dae-Wi e a espadachim Yu Mi-Ra, que entraram por motivos pessoais. Mo-Ri sabe que nenhum adversário será o mesmo e que as lutas serão as mais implacáveis ​​que já lutou em sua vida. Mas, em vez de ficar preocupado, essa perspectiva o excita além da conta.\r\n\r\nUm segredo está por trás da fachada de um teste transparente de destreza em combate que o torneio afirma ser - aquele em que o candidato político coreano Park Mu-Jin observa cada luta com olhos ansiosos e famintos. Mo-Ri, Dae-Wi e Mi-Ra estão prestes a descobrir o que realmente significa se tornar o Deus do Ensino Médio.', 'ação , ficção científica , aventura , comédia , sobrenatural , artes marciais , fantasia', '2020-07-06', '2020-12-16 15:08:33', 13, 'Finalizado', ''),
(24, 'Wotaku Ni Koi Wa Muzukashii Todos os Episodios Online', '7.2', 'Wotaku Ni Koi Wa Muzukashii Todos os Episodios Online, Assistir Wotaku Ni Koi Wa Muzukashii Anime Completo, Wotaku Ni Koi Wa Muzukashii Online. A série foca em quatro programadores de uma empresa, que acabam formando dois casais. São todos nerds/otakus, cada um com um vício diferente, de mangás a jogos.', 'ComédiaLegendadoLetra W', '2018-04-13', '2020-12-20 23:56:07', 11, 'Finalizado', ''),
(25, 'Grand Blue ', '8.4', 'Entre a cidade litorânea das ondas oceânicas de Izu e raios de sol brilhantes, Iori Kitahara está apenas começando seu primeiro ano na Universidade Izu. Quando ele se muda para a loja de mergulho de seu tio, Grand Blue, ele antecipa ansiosamente sua vida dos sonhos na faculdade, cheia de garotas lindas e bons amigos.', 'Comédia, ,Seinen, Slice Of Life', '2018-07-14', '2020-12-21 00:05:07', 12, 'Finalizado', ''),
(26, 'Gotoubun no Hanayome 1° Temporada', '7.6', 'Um dia, um segundo ano de escola secundária pobre chamado Fuutarou Uesugi se depara com um show particular de tutoria com bom salário. Mas seus alunos são seus colegas de classe! E eles são quíntuplos !! São todas garotas lindas, mas são desordeiras que odeiam estudar e estão à beira de serem reprovadas. E sua primeira tarefa é simplesmente ganhar a confiança das irmãs ?! Todo dia é uma festa!  A cortina está subindo na comédia romântica peculiar dos Quíntuplos Nakano com cinco vezes a fofura !!', 'Comédia, Drama Escolar, Harém, Romance, Shounen', '2019-01-11', '2020-12-21 00:11:23', 12, 'Finalizado', ''),
(27, 'Prison School ', '7.8', 'Academia Hachimitsu, conhecida por seus rigorosos padrões acadêmicos e conduta escolar ainda mais rigorosa, está fazendo uma grande mudança este ano. Pela primeira vez na história da escola, serão permitidos garotos em sua constituição. Quando Fujino Kiyoshi começa seu primeiro dia na Academia Hachimitsu, ele é surpreendido ao descobrir que há apenas outros 4 garotos em toda a escola, fazendo com que a proporção de garotas para garotos seja de 200/1. E infelizmente para eles, nenhuma das mil garotas irá falar com eles ou mesmo reconhecê-los. Mas Kiyoshi e os outros garotos estão prestes a descobrir a descobrir sobre o temível conselho estudantil que vem ameaçando as estudantes do sexo feminino sobre interação com o sexo oposto.', 'Comédia, Ecchi, Escolar, Romance, Seinen,Sem Censura', '2015-07-11', '2020-12-21 00:13:47', 13, 'Finalizado', ''),
(28, 'Darling in the Franxx ', '7.4', 'A história está definida no futuro distante. A terra está arruinada, e a humanidade estabelece a plantação móvel da fort city. Os pilotos produziram dentro de Plantation ao vivo em Mistilteinn, também conhecido como “birdcage”. As crianças vivem ali sem saber nada do mundo exterior nem da liberdade do céu. Suas vidas consistem em lutar para realizar missões. Seus inimigos são misteriosas formas de vida gigantes conhecidas como Kyōryū, e os robôs pilotos das crianças chamaram Franxx para enfrentarem-se contra eles. Para as crianças, montar o Franxx prova sua existência. Um menino chamado Hiro é chamado de Código: 016, e ele já foi conhecido como um prodígio. No entanto, ele ficou para trás, e sua existência parece desnecessária. Não pilotar um Franxx é o mesmo que deixar de existir. Um dia, aparece uma menina misteriosa conhecida como “Zero Two”. Dois chifres crescem fora de sua cabeça.', 'Ação, Aventura, Fantasia, Ficção científica, Mecha', '2018-01-13', '2020-12-21 00:17:16', 24, 'Finalizado', ''),
(29, 'Fairy Tail ', '7.8', 'Lucy é uma garota de 16 anos que quer se tornar uma maga completa,  para isso, ela precisa entrar em uma guilda de magos. Um dia visitando a  cidade de Harujion, ela conhece Natsu, um jovem rapaz que fica  facilmente enjoado com qualquer tipo de transporte. Mas Natsu não é  apenas uma criança fraca, ele é um membro de uma das maiores e infames  guildas: FAIRY TAIL.', 'Ação, Aventura, Comédia, Fantasia, Magia, Shounen', '2009-10-12', '2020-12-21 00:23:00', 328, 'Finalizado', ''),
(30, 'BNA Todos os Episodios Online', '7.0', 'A História acompanha Michiru, uma garota humana que é transformada em uma meio-animal sem qualquer explicação. Depois disso, Michiru acaba fugindo para Animal City, onde encontra um meio-lobo que odeia humanos. A partir de então, Michiru começa a entender melhor os problemas dos meio-animais que vivem naquela cidade, assim como busca tentar entender o que aconteceu consigo.', 'Fantasia', '2020-03-23', '2020-12-21 00:28:39', 12, 'Finalizado', ''),
(31, 'ReLIFE ', '7.9', 'A história desenrola-se à volta de Arata Kaizaki, um desempregado, solteiro de 27 anos de idade, que deixou de ter o apoio financeiro dos pais. Uma noite, depois de beber com um amigo de escola, Arata encontra Ryou Yoake, um homem que lhe oferece uns comprimidos para que ele volte a ter 17 anos e possa refazer a sua vida. Depois de concordar com a experiência, Arata junta-se a uma turma do ensino médio, e encontra a bela Chizuru Hishiro. Arata tem agora um ano para encontrar o que lhe falta para viver uma vida feliz.', 'Escolar, Romance, Slice Of Life', '2016-07-02', '2020-12-21 00:31:18', 17, 'Finalizado', ''),
(32, 'Tengen Toppa Gurren Lagann ', '8.0', 'Simon é um cavador de túneis que vive em um povoado subterrâneo. Os antigos líderes do povoado contam histórias de ”coisas terríveis“ que existem na superfície e punem severamente aqueles que são contrários a essa filosofia. Um dos principais ”rebeldes“ dessa história é justamente Kamina, que vive tentando das formas mais inusitadas chegar até a superfície a fim de conhecê-la, especialmente depois que seus pais morreram em um dos terremotos que acontecem a todo o momento. Durante uma escavação, Simon encontra uma estranha mini-broca que brilha sozinha, e ele nem imagina para quê ela serve.', 'Ação, Aventura, Comédia, Ficção científica, Mecha', '2007-04-01', '2020-12-21 00:32:56', 27, 'Finalizado', ''),
(33, 'Gleipnir ', '7.0', 'A história gira em torno de Shuuichi Kagaya, que possui uma sensibilidade olfativa acima do normal. Ele não é humano, e ele pode se transformar em uma besta incrivelmente poderosa. Ele tenta viver em paz e não ser descoberto, mas acaba sendo forçado a usar seu poder para salvar uma garota, marcando o fim de sua vida tranquila.', 'Ação, Ecchi, Mistério, Seinen, Sobrenatural', '2020-04-05', '2020-12-21 00:40:13', 13, 'Finalizado', ''),
(34, 'Appare-Ranman! ', '7.1', 'A história se passa no final do século XIX, e às vésperas do próximo ano. Após um certo acidente, o brilhante, mas socialmente inepto engenheiro, Sorano Apare, e o astuto, mas covarde samurai, Isshiki Kosame, se vêem à deriva em um barco do Japão para a América.', 'Comédia, Histórico', '2020-04-02', '2020-12-21 00:41:38', 13, 'Finalizado', ''),
(35, 'Hitoribocchi no Marumaruseikatsu Todos os Episodios Online', '7', 'Hitori Bocchi, uma garota que sofre de ansiedade severa, só fez uma amiga durante todo o fundamental. Ao descobrir que irão para escolas diferentes no ano seguinte, Bocchi promete pra si mesma: “até o fim do ginásio, eu serei amiga de todos os meus colegas de classe.” E se ela não conseguir… A amizade das duas terá fim?! Mas Bocchi tem dificuldades em falar com outras pessoas. Quando fica nervosa, ela sente câibra, e não consegue olhar outras pessoas nos olhos. Ela nem sabe como é que se faz amigos! Será que ela vai conseguir cumprir a promessa?!', 'Comédia, Escolar, Shounen, Slice Of Life', '2019-04-06', '2020-12-21 00:42:37', 12, 'Finalizado', ''),
(36, 'Hajimete no Gal ', '6.8', 'Com o começo do novo período escolar, começa também um novo período de encontros. Diante de sua sala de aula cheia de casaizinhos, Jun’Ichi Hashiba fica perturbado. “Por que eu ainda sou virgem?” Quando seus amigos lhe contam que a maneira mais fácil de deixar de fazer parte da associação dos encalhados é se render a uma gal, Jun’Ichi decide convidar sua colega Yukana para sair – e por incrível que possa parecer, ela acaba concordando. O que será da vida de Jun’Ichi de agora em diante?', 'Comédia, Ecchi, Escolar, Romance, Shounen', '2017-07-12', '2020-12-21 00:43:49', 11, 'Finalizado', ''),
(37, 'Ishuzoku Reviewers ', '7.8', 'O anime acompanha um grupo de homens dando suas opiniões a respeito de quais tipos de garotas são as melhores (Elfas, succubus, humanas), onde eles visitam diferentes lugares a fim de provar suas opiniões a respeito de qual é a melhor espécie de mulher.', 'Comédia, Ecchi, Fantasia', '2020-01-12', '2020-12-21 00:44:34', 12, 'Finalizado', ''),
(38, 'Re:Zero kara Hajimeru Isekai Seikatsu: Shin Henshuu-ban ', '8.8', '“Nova edição”, que edita a primeira temporada em episódios de uma hora, com novos cortes de animação que antecedem a segunda temporada em abril.', 'Drama, Fantasia, Light Novel, Suspense', '2020-01-01', '2020-12-21 00:45:56', 13, 'Finalizado', ''),
(39, 'Seishun Buta Yarou wa Bunny Girl Senpai no Yume wo Minai ', '7.2', 'Sindrome da puberdade – experiências anormais que dizem ser causadas pela sensitividade e instabilidade comuns na adolescência. Este ano, Sakuta Azusagawa, um estudante do segundo ano de um colégio perto de Enoshima, conheceu várias garotas que estão sofrendo dessa “síndrome da puberdade.” Como, por exemplo, uma garota-coelhinho que ele conheceu na biblioteca. Ela é Mai Sakurajima, uma atriz que deu uma pausa na carreira, e também sua veterana no colégio. Por algum motivo, ninguém mais consegue ver essa encantadora garota. Como será que ela ficou invisível?', 'Comédia, Escolar, Light Novel, Romance', '2018-10-04', '2020-12-21 00:51:10', 13, 'Finalizado', ''),
(40, 'Kill la Kill ', '8.1', 'Na Academia Honnouji há um grupo de estudantes com poderes sobrenaturais obtidos através de um uniforme conhecido como “Uniforme Goku”. Com o poder do uniforme, o representante dos estudantes, Satsuki Kiryuin, dita as regras com autoridade e temor. Ryuko confronta Satsuki para obter informação do segredo a respeito das lâminas-tesoura, mas… O encontro deles foi por acaso ou estavam destinados a isso? O confronto de ambos envolverá toda a academia!', 'Ação, Aventura, Comédia, Ecchi, Escolar, Fantasia, Ficção científica, Super Poderes', '2013-10-04', '2020-12-21 00:56:15', 24, 'Finalizado', ''),
(41, 'Nande Koko ni Sensei ga!? ', '6.5', 'Kana Kojima é uma professora do ensino médio conhecida por seu carácter demoníaco. No entanto, ela demonstra ser uma pessoa totalmente diferente quando se encontra com um de seus alunos, Ichirou Satou. Ela parece ser tonta e desajeitada e ele se encontra em muitas situações eróticas com sua professora, seja no banheiro, na piscina, na escola ou em outros lugares. O anime focará em 4 casais diferentes, cada um formado por um aluno(a) e um professor(a).', 'Comédia, Ecchi, Escolar, Seinen', '2019-04-08', '2020-12-21 00:58:47', 13, 'Finalizado', ''),
(42, 'Mirai Nikki ', '7.6', 'Yukiteru é um garoto que poderia ser considerado estranho. Com dificuldades de fazer amigos, para ele a vida não passa de um grande reality show, onde ele é mais um espectador. Tudo que ele vê, anota em seu celular, fazendo dele seu diário. Mais estranho ainda são as atitudes do garoto, que imagina, dentro de seus pensamentos, um Deus dominador de tempo e espaço. Mas não era realmente uma imaginação… Yukiteru ganha desse Deus o poder de prever o futuro com seu celular, o seu “diário do futuro”. Porém nem tudo é tão bom assim: Yukiteru terá que usar seu poder para sobreviver em um jogo envolvendo perigosos assassinos e psicopatas, cada um com um poder especial em mãos. Todos eles estarão concorrendo para no final de contas serem o sucessor de Deus. Como Yukiteru conseguirá vencer esse jogo? E quem é a misteriosa, apaixonada e perigosa Yuno?', 'Ação, Aventura, Drama, Mistério, Shounen, Sobrenatural, Suspense', '2011-10-09', '2020-12-21 00:59:50', 28, 'Finalizado', ''),
(43, 'Kaze ga Tsuyoku Fuiteiru ', '8', 'Kakeru, um ex-corredor de elite no ensino médio, é perseguido por roubar comida. Ele é salvo por um estudante da Universidade Kansei Haiji, que também é um corredor. Haiji convence Kakeru a morar no antigo apartamento “Chikuseisou”, onde ele planeja se juntar a outros moradores para entrar na Maratona Hakone Ekiden, uma das mais importantes do Japão. Kakeru logo descobre que todos os residentes, exceto Haiji e ele próprio, são completos novatos.', 'Comédia, Drama, Esporte', '2018-10-03', '2020-12-21 01:00:45', 23, 'Finalizado', ''),
(44, 'Monster Musume no Iru Nichijou ', '7.2', 'Monstros são reais e querem namorar conosco! Há três anos o mundo descobriu que harpias, centauros e todo tipo de criatura fabulosa não são apenas ficção. Elas são de carne e osso, isso para não mencionar escamas, penas, chifres e presas. Graças ao “Ato de Intercâmbio Cultural Entre as Espécies”, essas criaturas antes míticas foram assimiladas à sociedade, ou ao menos estão tentando. Quando um humano infeliz chamado Kurusu Kihimitsu é introduzido como voluntário no programa do governo, seu mundo é virado do avesso. Uma lâmia tipo cobra chamada Miia vem viver com ele e o trabalho de Kurusu é cuidar dela e integrá-la à sua vida. Infelizmente para Kurusu, Miia é irresistivelmente sensual e a lei de anti-cruzamento entre espécies é muito severa. Pra piorar, quando uma linda garota centauro e uma harpia sedutora se mudam para a casa dele, o que um jovem com sangue fervente e hormônios enlouquecidos pode fazer?', 'Comédia, Ecchi, Fantasia, Ficção científica, Harém, Romance, Seinen', '2017-06-23', '2020-12-21 01:02:14', 13, 'Finalizado', ''),
(45, 'Haikyuu!! - Temporada 1', '8.3', 'Shouyou Hinata, ao ver uma partida de voleibol, fica fascinado com “o Pequeno Gigante”, um habilidoso jogador de vôlei, então decide juntar-se ao clube de vôlei de sua escola, no entanto ele é o único membro do clube. Após 3 anos ele finalmente completa o time e ruma para a disputa do Torneio de Primavera. No entanto, seu primeiro oponente de cara é o preferido das finais. É neste momento que ocorre o encontro de Hinata com Tobio Kageyama, o “Rei das quadras”. Embora tenham perdido a partida, Shouyou ainda está determinado a tomar o título de Kageyama, e ser aquele que permanece na quadra. Ao entrar na escola secundária, ele surpreende-se ao ver que ele e Kageyama, antes adversários, estão agora na mesma escola e clube!', 'Comédia, Drama, Escolar, Esporte, Shounen', '2014-04-06', '2020-12-21 01:03:34', 25, 'Finalizado', ''),
(46, 'Carole & Tuesday ', '7.9', 'Cinquenta anos se passaram desde que a humanidade começou a migrar para uma nova fronteira: Marte. É uma era onde a maior parte da produção cultural é criada por Inteligências Artificiais e as pessoas estão satisfeitas em ser apenas consumidoras passivas. Há uma garota. Tentando viver na metrópole de Alba, enquanto trabalha por meio período tentando visando se tornar música. Ela sempre sentiu como se algo estivesse faltando. Seu nome é Carole.', 'Drama, Ficção científica, Musical, Romance', '2019-04-11', '2020-12-21 01:05:12', 24, 'Finalizado', ''),
(47, 'Shingeki No Kyojin - 4° Temporada', '8.4', 'A história de Ataque dos Titãs gira em torno de uma humanidade que vem sendo exterminada por titãs. Porém alguns seres humanos estão dispostos a mudar história e formar um exército de ataque aos seres assassinos. É assim que entra Eren, nosso protagonista, que após ver sua mãe ser devorada por um titã, decide que não deixará nenhum deles vivo e buscará sua vingança completa.', 'Ação, Drama, Fantasia, Militar, Mistério, Shounen', '2020-12-06', '2020-12-22 22:12:28', 3, 'Em exibição', ''),
(48, 'Shingeki No Kyojin - 3° Temporada', '8.4', 'A história de Ataque dos Titãs gira em torno de uma humanidade que vem sendo exterminada por titãs. Porém alguns seres humanos estão dispostos a mudar história e formar um exército de ataque aos seres assassinos. É assim que entra Eren, nosso protagonista, que após ver sua mãe ser devorada por um titã, decide que não deixará nenhum deles vivo e buscará sua vingança completa.', 'Ação, Drama, Fantasia, Militar, Mistério, Shounen', '2018-07-22', '2020-12-22 22:15:15', 22, 'Finalizado', ''),
(49, 'Shingeki No Kyojin - 2° Temporada', '8.4', 'A história de Ataque dos Titãs gira em torno de uma humanidade que vem sendo exterminada por titãs. Porém alguns seres humanos estão dispostos a mudar história e formar um exército de ataque aos seres assassinos. É assim que entra Eren, nosso protagonista, que após ver sua mãe ser devorada por um titã, decide que não deixará nenhum deles vivo e buscará sua vingança completa.', 'Ação, Drama, Fantasia, Militar, Mistério, Shounen', '2017-04-01', '2020-12-22 22:15:40', 15, 'Finalizado', ''),
(50, 'Shingeki No Kyojin - 1° Temporada', '8.4', 'A história de Ataque dos Titãs gira em torno de uma humanidade que vem sendo exterminada por titãs. Porém alguns seres humanos estão dispostos a mudar história e formar um exército de ataque aos seres assassinos. É assim que entra Eren, nosso protagonista, que após ver sua mãe ser devorada por um titã, decide que não deixará nenhum deles vivo e buscará sua vingança completa.', 'Ação, Drama, Fantasia, Militar, Mistério, Shounen', '2013-04-06', '2020-12-22 22:15:51', 31, 'Finalizado', ''),
(51, 'Jaku-Chara Tomozaki-kun ', '7.0', 'Tomozaki é um dos melhores jogadores do Japão e, em sua opinião, o jogo da vida real é um dos piores. Sem regras claras para o sucesso, terrivelmente desequilibrado e nada faz sentido. Mas então ele conhece uma jogadora que é tão boa quanto ele, e ela se oferece para ensiná-lo alguns truques…', 'Drama, Escolar, Romance', '2021-01-10', '2021-03-14 23:03:41', 13, 'Em exibição', ''),
(52, 'Horimiya ', '8.7', 'Embora seja admirada na escola por sua amabilidade e proeza acadêmica, a estudante Kyouko Hori esconde outro lado dela. Com os pais muitas vezes longe de casa devido ao trabalho, Hori tem que cuidar do irmão mais novo e fazer as tarefas domésticas, não deixando chance de socializar fora da escola. Enquanto isso, Izumi Miyamura é vista como um otaku taciturno de óculos. No entanto, na realidade, ele é uma pessoa gentil, incapaz de estudar. Além disso, ele tem nove piercings escondidos atrás de seu cabelo comprido e uma tatuagem nas costas e no ombro esquerdo. Por mero acaso, Hori e Miyamura se cruzam fora da escola – nenhum parecendo o que o outro esperava. Esses opostos aparentemente polares tornam-se amigos, compartilhando um com o outro um lado que nunca mostraram a ninguém.', 'Comédia, Escolar, Romance, Shounen, Slice Of Life', '2021-01-10', '2021-03-14 23:07:39', 13, 'Em exibição', ''),
(53, 'Gotoubun no Hanayome Temporada 2', '7.6', 'Um dia, um segundo ano de escola secundária pobre chamado Fuutarou Uesugi se depara com um show particular de tutoria com bom salário. Mas seus alunos são seus colegas de classe! E eles são quíntuplos !! São todas garotas lindas, mas são desordeiras que odeiam estudar e estão à beira de serem reprovadas. E sua primeira tarefa é simplesmente ganhar a confiança das irmãs ?! Todo dia é uma festa!  A cortina está subindo na comédia romântica peculiar dos Quíntuplos Nakano com cinco vezes a fofura !!', 'Comédia, Drama, Escolar, Harém, Romance, Shounen', '2021-01-07', '2021-03-14 23:10:41', 10, 'Em exibição', ''),
(54, 'Hataraku Saibou Black ', '7.7', 'A história  acompanha o funcionamento do organismo humano através da perspectivas das células, ensinando diversas coisas sobre suas funções. A diferença do spin-off para o original é que ele se foca em um corpo cheio de problemas (o cara bebe, tem disfunção erétil, fuma, dentre outras coisas) e o sexo do casal de protagonistas é invertido.', 'Ação, Seinen', '2021-01-08', '2021-03-14 23:22:24', 13, 'Em exibição', ''),
(55, 'Dr. Stone Temporada 2 (Stone wars)', '8.3', 'Em um instante, todos os humanos do mundo viraram pedra. Este acontecimento misterioso envolveu o estudante Taiju, depois de milhares de anos, ele e o seu amigo Senku despertam e decidem reconstruir a civilização do zero! E assim começa uma grande e única aventura de sobrevivência num mundo de ficção científica!', 'Ação, Aventura, Shounen', '2021-01-14', '2021-03-14 23:24:03', 25, 'Em exibição', ''),
(56, 'Mushoku Tensei: Isekai Ittara Honki Dasu ', '8.1', 'Morto ao salvar um estranho de uma colisão de trânsito, um NEET de 34 anos reencarnou em um mundo mágico como Rudeus Greyrat, um bebê recém-nascido. Com conhecimento, experiência e arrependimentos de sua vida anterior retidos, Rudeus jura levar uma vida plena e não repetir seus erros do passado. Agora dotado de uma tremenda quantidade de poder mágico, bem como a mente de um adulto, Rudeus é visto como um gênio em formação por seus novos pais. Logo, ele se encontra estudando com poderosos guerreiros, como seu pai espadachim e um mago chamado Roxy Migurdia – tudo para aprimorar seus aparentes talentos. Mas, apesar de seu exterior inocente, Rudeus ainda é um otaku pervertido, que usa sua riqueza de conhecimento para fazer movimentos em mulheres que ele nunca poderia fazer em sua vida anterior.', 'Drama, Fantasia, Magia', '2020-12-29', '2021-03-14 23:26:46', 13, 'Em exibição', ''),
(57, 'Wonder Egg Priority ', '8.2', 'Esta é a história de Ai, uma garota introvertida cujo destino muda para sempre quando ela adquire um misterioso ‘Ovo Maravilha’ de uma galeria deserta. Naquela noite, seus sonhos se misturam à realidade, e enquanto outras garotas obtêm seus próprios Ovos Milagrosos, Ai descobre novos amigos – e a magia dentro de si.', 'Drama, Fantasia', '2021-01-13', '2021-03-14 23:35:10', 13, 'Em exibição', '');

-- --------------------------------------------------------

--
-- Estrutura da tabela `eps_anime`
--

CREATE TABLE `eps_anime` (
  `id_ep_anime` int(11) NOT NULL,
  `id_anime` int(11) NOT NULL,
  `numero_ep` int(11) NOT NULL,
  `nome_ep` varchar(200) NOT NULL,
  `dt_lancamento` date NOT NULL,
  `dt_cadastro` datetime NOT NULL DEFAULT current_timestamp()
) ENGINE=InnoDB DEFAULT CHARSET=utf8mb4;

--
-- Extraindo dados da tabela `eps_anime`
--

INSERT INTO `eps_anime` (`id_ep_anime`, `id_anime`, `numero_ep`, `nome_ep`, `dt_lancamento`, `dt_cadastro`) VALUES
(1, 3, 1, 'Episódio 1', '2020-12-16', '2020-12-16 15:10:00'),
(2, 3, 2, 'Episódio 2', '2020-12-16', '0000-00-00 00:00:00'),
(3, 3, 3, 'Episódio 3', '2020-12-16', '0000-00-00 00:00:00'),
(4, 3, 4, 'Episódio 4', '2020-12-16', '0000-00-00 00:00:00'),
(5, 3, 5, 'Episódio 5', '2020-12-16', '0000-00-00 00:00:00'),
(6, 3, 6, 'Episódio 6', '2020-12-16', '0000-00-00 00:00:00'),
(7, 3, 7, 'Episódio 7', '2020-12-16', '0000-00-00 00:00:00'),
(8, 3, 8, 'Episódio 8', '2020-12-16', '0000-00-00 00:00:00'),
(9, 3, 9, 'Episódio 9', '2020-12-16', '0000-00-00 00:00:00'),
(10, 3, 10, 'Episódio 10', '2020-12-16', '0000-00-00 00:00:00'),
(11, 3, 11, 'Episódio 11', '2020-12-16', '0000-00-00 00:00:00'),
(12, 3, 12, 'Episódio 12', '2020-12-16', '0000-00-00 00:00:00'),
(13, 24, 1, 'Episodio 1', '2018-04-13', '2020-12-20 23:56:07'),
(14, 24, 2, 'Episodio 2', '2018-04-20', '2020-12-20 23:56:07'),
(15, 24, 3, 'Episodio 3', '2018-04-27', '2020-12-20 23:56:07'),
(16, 24, 4, 'Episodio 4', '2018-05-04', '2020-12-20 23:56:07'),
(17, 24, 5, 'Episodio 5', '2018-05-11', '2020-12-20 23:56:07'),
(18, 24, 6, 'Episodio 6', '2018-05-18', '2020-12-20 23:56:07'),
(19, 24, 7, 'Episodio 7', '2018-05-25', '2020-12-20 23:56:07'),
(20, 24, 8, 'Episodio 8', '2018-06-01', '2020-12-20 23:56:07'),
(21, 24, 9, 'Episodio 9', '2018-06-08', '2020-12-20 23:56:07'),
(22, 24, 10, 'Episodio 10', '2018-06-15', '2020-12-20 23:56:07'),
(23, 24, 11, 'Episodio 11', '2018-06-21', '2020-12-20 23:56:07'),
(24, 25, 1, 'Episodio 1', '2018-07-14', '2020-12-21 00:05:07'),
(25, 25, 2, 'Episodio 2', '2018-07-21', '2020-12-21 00:05:07'),
(26, 25, 3, 'Episodio 3', '2018-07-28', '2020-12-21 00:05:07'),
(27, 25, 4, 'Episodio 4', '2018-08-04', '2020-12-21 00:05:07'),
(28, 25, 5, 'Episodio 5', '2018-08-11', '2020-12-21 00:05:07'),
(29, 25, 6, 'Episodio 6', '2018-08-18', '2020-12-21 00:05:07'),
(30, 25, 7, 'Episodio 7', '2018-08-24', '2020-12-21 00:05:07'),
(31, 25, 8, 'Episodio 8', '2018-09-01', '2020-12-21 00:05:07'),
(32, 25, 9, 'Episodio 9', '2018-09-08', '2020-12-21 00:05:07'),
(33, 25, 10, 'Episodio 10', '2018-09-15', '2020-12-21 00:05:07'),
(34, 25, 11, 'Episodio 11', '2018-09-22', '2020-12-21 00:05:07'),
(35, 25, 12, 'Episodio 12', '2018-09-29', '2020-12-21 00:05:07'),
(36, 26, 1, 'Episodio 1', '2019-01-11', '2020-12-21 00:11:23'),
(37, 26, 2, 'Episodio 2', '2019-01-18', '2020-12-21 00:11:23'),
(38, 26, 3, 'Episodio 3', '2019-01-25', '2020-12-21 00:11:23'),
(39, 26, 4, 'Episodio 4', '2019-01-31', '2020-12-21 00:11:23'),
(40, 26, 5, 'Episodio 5', '2019-02-07', '2020-12-21 00:11:23'),
(41, 26, 6, 'Episodio 6', '2019-02-14', '2020-12-21 00:11:23'),
(42, 26, 7, 'Episodio 7', '2019-02-21', '2020-12-21 00:11:23'),
(43, 26, 8, 'Episodio 8', '2019-02-28', '2020-12-21 00:11:23'),
(44, 26, 9, 'Episodio 9', '2019-03-07', '2020-12-21 00:11:23'),
(45, 26, 10, 'Episodio 10', '2019-03-13', '2020-12-21 00:11:23'),
(46, 26, 11, 'Episodio 11', '2019-03-20', '2020-12-21 00:11:23'),
(47, 26, 12, 'Episodio 12', '2019-03-27', '2020-12-21 00:11:23'),
(48, 27, 1, 'Episodio 1', '2015-07-11', '2020-12-21 00:13:48'),
(49, 27, 2, 'Episodio 2', '2015-07-18', '2020-12-21 00:13:48'),
(50, 27, 3, 'Episodio 3', '2015-07-25', '2020-12-21 00:13:48'),
(51, 27, 4, 'Episodio 4', '2015-08-01', '2020-12-21 00:13:48'),
(52, 27, 5, 'Episodio 5', '2015-08-08', '2020-12-21 00:13:48'),
(53, 27, 6, 'Episodio 6', '2015-08-15', '2020-12-21 00:13:48'),
(54, 27, 7, 'Episodio 7', '2015-08-22', '2020-12-21 00:13:48'),
(55, 27, 8, 'Episodio 8', '2015-08-29', '2020-12-21 00:13:48'),
(56, 27, 9, 'Episodio 9', '2015-09-05', '2020-12-21 00:13:48'),
(57, 27, 10, 'Episodio 10', '2015-09-12', '2020-12-21 00:13:48'),
(58, 27, 11, 'Episodio 11', '2015-09-19', '2020-12-21 00:13:48'),
(59, 27, 12, 'Episodio 12', '2015-09-26', '2020-12-21 00:13:48'),
(60, 27, 13, 'Episodio 13', '2015-10-26', '2020-12-21 00:13:48'),
(61, 28, 1, 'Episodio 1', '2018-01-13', '2020-12-21 00:17:16'),
(62, 28, 2, 'Episodio 2', '2018-01-20', '2020-12-21 00:17:16'),
(63, 28, 3, 'Episodio 3', '2018-01-27', '2020-12-21 00:17:16'),
(64, 28, 4, 'Episodio 4', '2018-02-03', '2020-12-21 00:17:16'),
(65, 28, 5, 'Episodio 5', '2018-02-10', '2020-12-21 00:17:16'),
(66, 28, 6, 'Episodio 6', '2018-02-17', '2020-12-21 00:17:16'),
(67, 28, 7, 'Episodio 7', '2018-02-24', '2020-12-21 00:17:16'),
(68, 28, 8, 'Episodio 8', '2018-03-03', '2020-12-21 00:17:16'),
(69, 28, 9, 'Episodio 9', '2018-03-10', '2020-12-21 00:17:16'),
(70, 28, 10, 'Episodio 10', '2018-03-17', '2020-12-21 00:17:16'),
(71, 28, 11, 'Episodio 11', '2018-03-24', '2020-12-21 00:17:16'),
(72, 28, 12, 'Episodio 12', '2018-03-31', '2020-12-21 00:17:16'),
(73, 28, 13, 'Episodio 13', '2018-04-07', '2020-12-21 00:17:16'),
(74, 28, 14, 'Episodio 14', '2018-04-14', '2020-12-21 00:17:16'),
(75, 28, 15, 'Episodio 15', '2018-04-21', '2020-12-21 00:17:16'),
(76, 28, 16, 'Episodio 16', '2018-04-28', '2020-12-21 00:17:16'),
(77, 28, 17, 'Episodio 17', '2018-05-12', '2020-12-21 00:17:16'),
(78, 28, 18, 'Episodio 18', '2018-05-19', '2020-12-21 00:17:16'),
(79, 28, 19, 'Episodio 19', '2018-05-26', '2020-12-21 00:17:16'),
(80, 28, 20, 'Episodio 20', '2018-06-09', '2020-12-21 00:17:16'),
(81, 28, 21, 'Episodio 21', '2018-06-16', '2020-12-21 00:17:16'),
(82, 28, 22, 'Episodio 22', '2018-06-23', '2020-12-21 00:17:16'),
(83, 28, 23, 'Episodio 23', '2018-06-30', '2020-12-21 00:17:16'),
(84, 28, 24, 'Episodio 24', '2018-07-07', '2020-12-21 00:17:16'),
(85, 29, 1, 'Episodio 1', '2009-10-12', '2020-12-21 00:23:00'),
(86, 29, 2, 'Episodio 2', '2009-10-19', '2020-12-21 00:23:00'),
(87, 29, 3, 'Episodio 3', '2009-10-26', '2020-12-21 00:23:00'),
(88, 29, 4, 'Episodio 4', '2009-11-02', '2020-12-21 00:23:00'),
(89, 29, 5, 'Episodio 5', '2009-11-09', '2020-12-21 00:23:00'),
(90, 29, 6, 'Episodio 6', '2009-11-16', '2020-12-21 00:23:00'),
(91, 29, 7, 'Episodio 7', '2009-11-23', '2020-12-21 00:23:00'),
(92, 29, 8, 'Episodio 8', '2009-11-30', '2020-12-21 00:23:00'),
(93, 29, 9, 'Episodio 9', '2009-12-07', '2020-12-21 00:23:00'),
(94, 29, 10, 'Episodio 10', '2009-12-14', '2020-12-21 00:23:00'),
(95, 29, 11, 'Episodio 11', '2009-12-21', '2020-12-21 00:23:00'),
(96, 29, 12, 'Episodio 12', '2010-01-04', '2020-12-21 00:23:00'),
(97, 29, 13, 'Episodio 13', '2010-01-11', '2020-12-21 00:23:00'),
(98, 29, 14, 'Episodio 14', '2010-01-18', '2020-12-21 00:23:00'),
(99, 29, 15, 'Episodio 15', '2010-01-25', '2020-12-21 00:23:00'),
(100, 29, 16, 'Episodio 16', '2010-02-01', '2020-12-21 00:23:00'),
(101, 29, 17, 'Episodio 17', '2010-02-08', '2020-12-21 00:23:00'),
(102, 29, 18, 'Episodio 18', '2010-02-15', '2020-12-21 00:23:00'),
(103, 29, 19, 'Episodio 19', '2010-02-22', '2020-12-21 00:23:00'),
(104, 29, 20, 'Episodio 20', '2010-03-01', '2020-12-21 00:23:00'),
(105, 29, 21, 'Episodio 21', '2010-03-08', '2020-12-21 00:23:00'),
(106, 29, 22, 'Episodio 22', '2010-03-15', '2020-12-21 00:23:00'),
(107, 29, 23, 'Episodio 23', '2010-03-22', '2020-12-21 00:23:00'),
(108, 29, 24, 'Episodio 24', '2010-03-29', '2020-12-21 00:23:00'),
(109, 29, 25, 'Episodio 25', '2010-04-12', '2020-12-21 00:23:00'),
(110, 29, 26, 'Episodio 26', '2010-04-19', '2020-12-21 00:23:00'),
(111, 29, 27, 'Episodio 27', '2010-04-26', '2020-12-21 00:23:00'),
(112, 29, 28, 'Episodio 28', '2010-05-03', '2020-12-21 00:23:00'),
(113, 29, 29, 'Episodio 29', '2010-05-10', '2020-12-21 00:23:00'),
(114, 29, 30, 'Episodio 30', '2010-05-17', '2020-12-21 00:23:00'),
(115, 29, 31, 'Episodio 31', '2010-05-24', '2020-12-21 00:23:00'),
(116, 29, 32, 'Episodio 32', '2010-05-31', '2020-12-21 00:23:00'),
(117, 29, 33, 'Episodio 33', '2010-06-07', '2020-12-21 00:23:00'),
(118, 29, 34, 'Episodio 34', '2010-06-21', '2020-12-21 00:23:00'),
(119, 29, 35, 'Episodio 35', '2010-06-28', '2020-12-21 00:23:00'),
(120, 29, 36, 'Episodio 36', '2010-07-05', '2020-12-21 00:23:00'),
(121, 29, 37, 'Episodio 37', '2010-07-12', '2020-12-21 00:23:00'),
(122, 29, 38, 'Episodio 38', '2010-07-19', '2020-12-21 00:23:00'),
(123, 29, 39, 'Episodio 39', '2010-07-26', '2020-12-21 00:23:00'),
(124, 29, 40, 'Episodio 40', '2010-08-02', '2020-12-21 00:23:00'),
(125, 29, 41, 'Episodio 41', '2010-08-09', '2020-12-21 00:23:00'),
(126, 29, 42, 'Episodio 42', '2010-08-16', '2020-12-21 00:23:00'),
(127, 29, 43, 'Episodio 43', '2010-08-23', '2020-12-21 00:23:00'),
(128, 29, 44, 'Episodio 44', '2010-08-30', '2020-12-21 00:23:00'),
(129, 29, 45, 'Episodio 45', '2010-09-06', '2020-12-21 00:23:00'),
(130, 29, 46, 'Episodio 46', '2010-09-13', '2020-12-21 00:23:00'),
(131, 29, 47, 'Episodio 47', '2010-09-20', '2020-12-21 00:23:00'),
(132, 29, 48, 'Episodio 48', '2010-09-27', '2020-12-21 00:23:00'),
(133, 29, 49, 'Episodio 49', '2010-10-11', '2020-12-21 00:23:00'),
(134, 29, 50, 'Episodio 50', '2010-10-18', '2020-12-21 00:23:00'),
(135, 29, 51, 'Episodio 51', '2010-10-25', '2020-12-21 00:23:00'),
(136, 29, 52, 'Episodio 52', '2010-11-01', '2020-12-21 00:23:00'),
(137, 29, 53, 'Episodio 53', '2010-11-08', '2020-12-21 00:23:00'),
(138, 29, 54, 'Episodio 54', '2010-11-15', '2020-12-21 00:23:00'),
(139, 29, 55, 'Episodio 55', '2010-11-22', '2020-12-21 00:23:00'),
(140, 29, 56, 'Episodio 56', '2010-11-29', '2020-12-21 00:23:00'),
(141, 29, 57, 'Episodio 57', '2010-12-06', '2020-12-21 00:23:00'),
(142, 29, 58, 'Episodio 58', '2010-12-13', '2020-12-21 00:23:00'),
(143, 29, 59, 'Episodio 59', '2010-12-20', '2020-12-21 00:23:00'),
(144, 29, 60, 'Episodio 60', '2010-12-27', '2020-12-21 00:23:00'),
(145, 29, 61, 'Episodio 61', '2011-01-10', '2020-12-21 00:23:00'),
(146, 29, 62, 'Episodio 62', '2011-01-17', '2020-12-21 00:23:00'),
(147, 29, 63, 'Episodio 63', '2011-01-24', '2020-12-21 00:23:00'),
(148, 29, 64, 'Episodio 64', '2011-01-31', '2020-12-21 00:23:00'),
(149, 29, 65, 'Episodio 65', '2011-02-07', '2020-12-21 00:23:00'),
(150, 29, 66, 'Episodio 66', '2011-02-14', '2020-12-21 00:23:00'),
(151, 29, 67, 'Episodio 67', '2011-02-21', '2020-12-21 00:23:00'),
(152, 29, 68, 'Episodio 68', '2011-02-28', '2020-12-21 00:23:00'),
(153, 29, 69, 'Episodio 69', '2011-03-07', '2020-12-21 00:23:00'),
(154, 29, 70, 'Episodio 70', '2011-03-14', '2020-12-21 00:23:00'),
(155, 29, 71, 'Episodio 71', '2011-03-21', '2020-12-21 00:23:00'),
(156, 29, 72, 'Episodio 72', '2011-03-28', '2020-12-21 00:23:00'),
(157, 29, 73, 'Episodio 73', '2011-04-02', '2020-12-21 00:23:00'),
(158, 29, 74, 'Episodio 74', '2011-04-09', '2020-12-21 00:23:00'),
(159, 29, 75, 'Episodio 75', '2011-04-16', '2020-12-21 00:23:00'),
(160, 29, 76, 'Episodio 76', '2011-04-23', '2020-12-21 00:23:00'),
(161, 29, 77, 'Episodio 77', '2011-04-30', '2020-12-21 00:23:00'),
(162, 29, 78, 'Episodio 78', '2011-05-07', '2020-12-21 00:23:00'),
(163, 29, 79, 'Episodio 79', '2011-05-14', '2020-12-21 00:23:00'),
(164, 29, 80, 'Episodio 80', '2011-05-21', '2020-12-21 00:23:00'),
(165, 29, 81, 'Episodio 81', '2011-05-28', '2020-12-21 00:23:00'),
(166, 29, 82, 'Episodio 82', '2011-06-04', '2020-12-21 00:23:00'),
(167, 29, 83, 'Episodio 83', '2011-06-11', '2020-12-21 00:23:00'),
(168, 29, 84, 'Episodio 84', '2011-06-18', '2020-12-21 00:23:00'),
(169, 29, 85, 'Episodio 85', '2011-06-25', '2020-12-21 00:23:00'),
(170, 29, 86, 'Episodio 86', '2011-07-02', '2020-12-21 00:23:00'),
(171, 29, 87, 'Episodio 87', '2011-07-09', '2020-12-21 00:23:00'),
(172, 29, 88, 'Episodio 88', '2011-07-16', '2020-12-21 00:23:00'),
(173, 29, 89, 'Episodio 89', '2011-07-23', '2020-12-21 00:23:00'),
(174, 29, 90, 'Episodio 90', '2011-07-30', '2020-12-21 00:23:00'),
(175, 29, 91, 'Episodio 91', '2011-08-06', '2020-12-21 00:23:00'),
(176, 29, 92, 'Episodio 92', '2011-08-13', '2020-12-21 00:23:00'),
(177, 29, 93, 'Episodio 93', '2011-08-20', '2020-12-21 00:23:00'),
(178, 29, 94, 'Episodio 94', '2011-08-27', '2020-12-21 00:23:00'),
(179, 29, 95, 'Episodio 95', '2011-09-03', '2020-12-21 00:23:00'),
(180, 29, 96, 'Episodio 96', '2011-09-10', '2020-12-21 00:23:00'),
(181, 29, 97, 'Episodio 97', '2011-09-17', '2020-12-21 00:23:00'),
(182, 29, 98, 'Episodio 98', '2011-09-24', '2020-12-21 00:23:00'),
(183, 29, 99, 'Episodio 99', '2011-10-01', '2020-12-21 00:23:00'),
(184, 29, 100, 'Episodio 100', '2011-10-08', '2020-12-21 00:23:00'),
(185, 29, 101, 'Episodio 101', '2011-10-15', '2020-12-21 00:23:00'),
(186, 29, 102, 'Episodio 102', '2011-10-22', '2020-12-21 00:23:00'),
(187, 29, 103, 'Episodio 103', '2011-10-29', '2020-12-21 00:23:00'),
(188, 29, 104, 'Episodio 104', '2011-11-05', '2020-12-21 00:23:00'),
(189, 29, 105, 'Episodio 105', '2011-11-12', '2020-12-21 00:23:00'),
(190, 29, 106, 'Episodio 106', '2011-11-19', '2020-12-21 00:23:00'),
(191, 29, 107, 'Episodio 107', '2011-11-26', '2020-12-21 00:23:00'),
(192, 29, 108, 'Episodio 108', '2011-12-03', '2020-12-21 00:23:00'),
(193, 29, 109, 'Episodio 109', '2011-12-10', '2020-12-21 00:23:00'),
(194, 29, 110, 'Episodio 110', '2011-12-17', '2020-12-21 00:23:00'),
(195, 29, 111, 'Episodio 111', '2011-12-24', '2020-12-21 00:23:00'),
(196, 29, 112, 'Episodio 112', '2012-01-07', '2020-12-21 00:23:00'),
(197, 29, 113, 'Episodio 113', '2012-01-14', '2020-12-21 00:23:00'),
(198, 29, 114, 'Episodio 114', '2012-01-21', '2020-12-21 00:23:00'),
(199, 29, 115, 'Episodio 115', '2012-01-28', '2020-12-21 00:23:00'),
(200, 29, 116, 'Episodio 116', '2012-02-04', '2020-12-21 00:23:00'),
(201, 29, 117, 'Episodio 117', '2012-02-11', '2020-12-21 00:23:00'),
(202, 29, 118, 'Episodio 118', '2012-02-18', '2020-12-21 00:23:00'),
(203, 29, 119, 'Episodio 119', '2012-02-25', '2020-12-21 00:23:00'),
(204, 29, 120, 'Episodio 120', '2012-03-03', '2020-12-21 00:23:00'),
(205, 29, 121, 'Episodio 121', '2012-03-10', '2020-12-21 00:23:00'),
(206, 29, 122, 'Episodio 122', '2012-03-17', '2020-12-21 00:23:00'),
(207, 29, 123, 'Episodio 123', '2012-03-24', '2020-12-21 00:23:00'),
(208, 29, 124, 'Episodio 124', '2012-03-31', '2020-12-21 00:23:00'),
(209, 29, 125, 'Episodio 125', '2012-04-07', '2020-12-21 00:23:00'),
(210, 29, 126, 'Episodio 126', '2012-04-14', '2020-12-21 00:23:00'),
(211, 29, 127, 'Episodio 127', '2012-04-21', '2020-12-21 00:23:00'),
(212, 29, 128, 'Episodio 128', '2012-04-28', '2020-12-21 00:23:00'),
(213, 29, 129, 'Episodio 129', '2012-05-05', '2020-12-21 00:23:00'),
(214, 29, 130, 'Episodio 130', '2012-05-12', '2020-12-21 00:23:00'),
(215, 29, 131, 'Episodio 131', '2012-05-19', '2020-12-21 00:23:00'),
(216, 29, 132, 'Episodio 132', '2012-05-26', '2020-12-21 00:23:00'),
(217, 29, 133, 'Episodio 133', '2012-06-02', '2020-12-21 00:23:00'),
(218, 29, 134, 'Episodio 134', '2012-06-09', '2020-12-21 00:23:00'),
(219, 29, 135, 'Episodio 135', '2012-06-16', '2020-12-21 00:23:00'),
(220, 29, 136, 'Episodio 136', '2012-06-23', '2020-12-21 00:23:00'),
(221, 29, 137, 'Episodio 137', '2012-06-30', '2020-12-21 00:23:00'),
(222, 29, 138, 'Episodio 138', '2012-07-07', '2020-12-21 00:23:00'),
(223, 29, 139, 'Episodio 139', '2012-07-14', '2020-12-21 00:23:00'),
(224, 29, 140, 'Episodio 140', '2012-07-21', '2020-12-21 00:23:00'),
(225, 29, 141, 'Episodio 141', '2012-07-28', '2020-12-21 00:23:00'),
(226, 29, 142, 'Episodio 142', '2012-08-04', '2020-12-21 00:23:00'),
(227, 29, 143, 'Episodio 143', '2012-08-11', '2020-12-21 00:23:00'),
(228, 29, 144, 'Episodio 144', '2012-08-18', '2020-12-21 00:23:00'),
(229, 29, 145, 'Episodio 145', '2012-08-25', '2020-12-21 00:23:00'),
(230, 29, 146, 'Episodio 146', '2012-09-01', '2020-12-21 00:23:00'),
(231, 29, 147, 'Episodio 147', '2012-09-08', '2020-12-21 00:23:00'),
(232, 29, 148, 'Episodio 148', '2012-09-15', '2020-12-21 00:23:00'),
(233, 29, 149, 'Episodio 149', '2012-09-22', '2020-12-21 00:23:00'),
(234, 29, 150, 'Episodio 150', '2012-09-29', '2020-12-21 00:23:00'),
(235, 29, 151, 'Episodio 151', '2012-10-06', '2020-12-21 00:23:00'),
(236, 29, 152, 'Episodio 152', '2012-10-13', '2020-12-21 00:23:00'),
(237, 29, 153, 'Episodio 153', '2012-10-20', '2020-12-21 00:23:00'),
(238, 29, 154, 'Episodio 154', '2012-10-27', '2020-12-21 00:23:00'),
(239, 29, 155, 'Episodio 155', '2012-11-03', '2020-12-21 00:23:00'),
(240, 29, 156, 'Episodio 156', '2012-11-10', '2020-12-21 00:23:00'),
(241, 29, 157, 'Episodio 157', '2012-11-17', '2020-12-21 00:23:00'),
(242, 29, 158, 'Episodio 158', '2012-11-24', '2020-12-21 00:23:00'),
(243, 29, 159, 'Episodio 159', '2012-12-01', '2020-12-21 00:23:00'),
(244, 29, 160, 'Episodio 160', '2012-12-08', '2020-12-21 00:23:00'),
(245, 29, 161, 'Episodio 161', '2012-12-15', '2020-12-21 00:23:00'),
(246, 29, 162, 'Episodio 162', '2012-12-22', '2020-12-21 00:23:00'),
(247, 29, 163, 'Episodio 163', '2013-01-05', '2020-12-21 00:23:00'),
(248, 29, 164, 'Episodio 164', '2013-01-12', '2020-12-21 00:23:00'),
(249, 29, 165, 'Episodio 165', '2013-01-19', '2020-12-21 00:23:00'),
(250, 29, 166, 'Episodio 166', '2013-01-26', '2020-12-21 00:23:00'),
(251, 29, 167, 'Episodio 167', '2013-02-02', '2020-12-21 00:23:00'),
(252, 29, 168, 'Episodio 168', '2013-02-09', '2020-12-21 00:23:00'),
(253, 29, 169, 'Episodio 169', '2013-02-16', '2020-12-21 00:23:00'),
(254, 29, 170, 'Episodio 170', '2013-02-23', '2020-12-21 00:23:00'),
(255, 29, 171, 'Episodio 171', '2013-03-02', '2020-12-21 00:23:00'),
(256, 29, 172, 'Episodio 172', '2013-03-09', '2020-12-21 00:23:00'),
(257, 29, 173, 'Episodio 173', '2013-03-16', '2020-12-21 00:23:00'),
(258, 29, 174, 'Episodio 174', '2013-03-23', '2020-12-21 00:23:00'),
(259, 29, 175, 'Episodio 175', '2013-03-30', '2020-12-21 00:23:00'),
(260, 29, 176, 'Episodio 176', '2014-04-05', '2020-12-21 00:23:00'),
(261, 29, 177, 'Episodio 177', '2014-04-12', '2020-12-21 00:23:00'),
(262, 29, 178, 'Episodio 178', '2014-04-19', '2020-12-21 00:23:00'),
(263, 29, 179, 'Episodio 179', '2014-04-26', '2020-12-21 00:23:00'),
(264, 29, 180, 'Episodio 180', '2014-05-03', '2020-12-21 00:23:00'),
(265, 29, 181, 'Episodio 181', '2014-05-10', '2020-12-21 00:23:00'),
(266, 29, 182, 'Episodio 182', '2014-05-17', '2020-12-21 00:23:00'),
(267, 29, 183, 'Episodio 183', '2014-05-24', '2020-12-21 00:23:00'),
(268, 29, 184, 'Episodio 184', '2014-05-31', '2020-12-21 00:23:00'),
(269, 29, 185, 'Episodio 185', '2014-06-07', '2020-12-21 00:23:00'),
(270, 29, 186, 'Episodio 186', '2014-06-14', '2020-12-21 00:23:00'),
(271, 29, 187, 'Episodio 187', '2014-06-21', '2020-12-21 00:23:00'),
(272, 29, 188, 'Episodio 188', '2014-06-28', '2020-12-21 00:23:00'),
(273, 29, 189, 'Episodio 189', '2014-07-05', '2020-12-21 00:23:00'),
(274, 29, 190, 'Episodio 190', '2014-07-12', '2020-12-21 00:23:00'),
(275, 29, 191, 'Episodio 191', '2014-07-19', '2020-12-21 00:23:00'),
(276, 29, 192, 'Episodio 192', '2014-07-26', '2020-12-21 00:23:00'),
(277, 29, 193, 'Episodio 193', '2014-08-02', '2020-12-21 00:23:00'),
(278, 29, 194, 'Episodio 194', '2014-08-09', '2020-12-21 00:23:00'),
(279, 29, 195, 'Episodio 195', '2014-08-16', '2020-12-21 00:23:00'),
(280, 29, 196, 'Episodio 196', '2014-08-23', '2020-12-21 00:23:00'),
(281, 29, 197, 'Episodio 197', '2014-08-30', '2020-12-21 00:23:00'),
(282, 29, 198, 'Episodio 198', '2014-09-06', '2020-12-21 00:23:00'),
(283, 29, 199, 'Episodio 199', '2014-09-13', '2020-12-21 00:23:00'),
(284, 29, 200, 'Episodio 200', '2014-09-20', '2020-12-21 00:23:00'),
(285, 29, 201, 'Episodio 201', '2014-09-27', '2020-12-21 00:23:00'),
(286, 29, 202, 'Episodio 202', '2014-10-04', '2020-12-21 00:23:00'),
(287, 29, 203, 'Episodio 203', '2014-10-11', '2020-12-21 00:23:00'),
(288, 29, 204, 'Episodio 204', '2014-10-18', '2020-12-21 00:23:00'),
(289, 29, 205, 'Episodio 205', '2014-10-25', '2020-12-21 00:23:00'),
(290, 29, 206, 'Episodio 206', '2014-11-01', '2020-12-21 00:23:00'),
(291, 29, 207, 'Episodio 207', '2014-11-08', '2020-12-21 00:23:00'),
(292, 29, 208, 'Episodio 208', '2014-11-15', '2020-12-21 00:23:00'),
(293, 29, 209, 'Episodio 209', '2014-11-22', '2020-12-21 00:23:00'),
(294, 29, 210, 'Episodio 210', '2014-11-29', '2020-12-21 00:23:00'),
(295, 29, 211, 'Episodio 211', '2014-12-06', '2020-12-21 00:23:00'),
(296, 29, 212, 'Episodio 212', '2014-12-13', '2020-12-21 00:23:00'),
(297, 29, 213, 'Episodio 213', '2014-12-20', '2020-12-21 00:23:00'),
(298, 29, 214, 'Episodio 214', '2014-12-27', '2020-12-21 00:23:00'),
(299, 29, 215, 'Episodio 215', '2015-01-10', '2020-12-21 00:23:00'),
(300, 29, 216, 'Episodio 216', '2015-01-17', '2020-12-21 00:23:00'),
(301, 29, 217, 'Episodio 217', '2015-01-24', '2020-12-21 00:23:00'),
(302, 29, 218, 'Episodio 218', '2015-01-31', '2020-12-21 00:23:00'),
(303, 29, 219, 'Episodio 219', '2015-02-07', '2020-12-21 00:23:00'),
(304, 29, 220, 'Episodio 220', '2015-02-14', '2020-12-21 00:23:00'),
(305, 29, 221, 'Episodio 221', '2015-02-21', '2020-12-21 00:23:00'),
(306, 29, 222, 'Episodio 222', '2015-02-28', '2020-12-21 00:23:00'),
(307, 29, 223, 'Episodio 223', '2015-03-07', '2020-12-21 00:23:00'),
(308, 29, 224, 'Episodio 224', '2015-03-14', '2020-12-21 00:23:00'),
(309, 29, 225, 'Episodio 225', '2015-03-21', '2020-12-21 00:23:00'),
(310, 29, 226, 'Episodio 226', '2015-03-28', '2020-12-21 00:23:00'),
(311, 29, 227, 'Episodio 227', '2015-04-04', '2020-12-21 00:23:00'),
(312, 29, 228, 'Episodio 228', '2015-04-11', '2020-12-21 00:23:00'),
(313, 29, 229, 'Episodio 229', '2015-04-18', '2020-12-21 00:23:00'),
(314, 29, 230, 'Episodio 230', '2015-04-25', '2020-12-21 00:23:00'),
(315, 29, 231, 'Episodio 231', '2015-05-02', '2020-12-21 00:23:00'),
(316, 29, 232, 'Episodio 232', '2015-05-09', '2020-12-21 00:23:00'),
(317, 29, 233, 'Episodio 233', '2015-05-16', '2020-12-21 00:23:00'),
(318, 29, 234, 'Episodio 234', '2015-05-23', '2020-12-21 00:23:00'),
(319, 29, 235, 'Episodio 235', '2015-05-30', '2020-12-21 00:23:00'),
(320, 29, 236, 'Episodio 236', '2015-06-06', '2020-12-21 00:23:00'),
(321, 29, 237, 'Episodio 237', '2015-06-13', '2020-12-21 00:23:00'),
(322, 29, 238, 'Episodio 238', '2015-06-20', '2020-12-21 00:23:00'),
(323, 29, 239, 'Episodio 239', '2015-06-27', '2020-12-21 00:23:00'),
(324, 29, 240, 'Episodio 240', '2015-07-04', '2020-12-21 00:23:00'),
(325, 29, 241, 'Episodio 241', '2015-07-11', '2020-12-21 00:23:00'),
(326, 29, 242, 'Episodio 242', '2015-07-18', '2020-12-21 00:23:00'),
(327, 29, 243, 'Episodio 243', '2015-07-25', '2020-12-21 00:23:00'),
(328, 29, 244, 'Episodio 244', '2015-08-01', '2020-12-21 00:23:00'),
(329, 29, 245, 'Episodio 245', '2015-08-08', '2020-12-21 00:23:00'),
(330, 29, 246, 'Episodio 246', '2015-08-15', '2020-12-21 00:23:00'),
(331, 29, 247, 'Episodio 247', '2015-08-22', '2020-12-21 00:23:00'),
(332, 29, 248, 'Episodio 248', '2015-08-29', '2020-12-21 00:23:00'),
(333, 29, 249, 'Episodio 249', '2015-09-05', '2020-12-21 00:23:00'),
(334, 29, 250, 'Episodio 250', '2015-09-12', '2020-12-21 00:23:00'),
(335, 29, 251, 'Episodio 251', '2015-09-19', '2020-12-21 00:23:00'),
(336, 29, 252, 'Episodio 252', '2015-09-26', '2020-12-21 00:23:00'),
(337, 29, 253, 'Episodio 253', '2015-10-03', '2020-12-21 00:23:00'),
(338, 29, 254, 'Episodio 254', '2015-10-10', '2020-12-21 00:23:00'),
(339, 29, 255, 'Episodio 255', '2015-10-17', '2020-12-21 00:23:00'),
(340, 29, 256, 'Episodio 256', '2015-10-24', '2020-12-21 00:23:00'),
(341, 29, 257, 'Episodio 257', '2015-10-31', '2020-12-21 00:23:00'),
(342, 29, 258, 'Episodio 258', '2015-11-07', '2020-12-21 00:23:00'),
(343, 29, 259, 'Episodio 259', '2015-11-14', '2020-12-21 00:23:00'),
(344, 29, 260, 'Episodio 260', '2015-11-21', '2020-12-21 00:23:00'),
(345, 29, 261, 'Episodio 261', '2015-11-28', '2020-12-21 00:23:00'),
(346, 29, 262, 'Episodio 262', '2015-12-05', '2020-12-21 00:23:00'),
(347, 29, 263, 'Episodio 263', '2015-12-12', '2020-12-21 00:23:00'),
(348, 29, 264, 'Episodio 264', '2015-12-19', '2020-12-21 00:23:00'),
(349, 29, 265, 'Episodio 265', '2015-12-26', '2020-12-21 00:23:00'),
(350, 29, 266, 'Episodio 266', '2016-01-09', '2020-12-21 00:23:00'),
(351, 29, 267, 'Episodio 267', '2016-01-16', '2020-12-21 00:23:00'),
(352, 29, 268, 'Episodio 268', '2016-01-23', '2020-12-21 00:23:00'),
(353, 29, 269, 'Episodio 269', '2016-01-30', '2020-12-21 00:23:00'),
(354, 29, 270, 'Episodio 270', '2016-02-06', '2020-12-21 00:23:00'),
(355, 29, 271, 'Episodio 271', '2016-02-13', '2020-12-21 00:23:00'),
(356, 29, 272, 'Episodio 272', '2016-02-20', '2020-12-21 00:23:00'),
(357, 29, 273, 'Episodio 273', '2016-02-27', '2020-12-21 00:23:00'),
(358, 29, 274, 'Episodio 274', '2016-03-05', '2020-12-21 00:23:00'),
(359, 29, 275, 'Episodio 275', '2016-03-12', '2020-12-21 00:23:00'),
(360, 29, 276, 'Episodio 276', '2016-03-19', '2020-12-21 00:23:00'),
(361, 29, 277, 'Episodio 277', '2016-03-26', '2020-12-21 00:23:00'),
(362, 29, 278, 'Episodio 278', '2018-10-07', '2020-12-21 00:23:00'),
(363, 29, 279, 'Episodio 279', '2018-10-14', '2020-12-21 00:23:00'),
(364, 29, 280, 'Episodio 280', '2018-10-21', '2020-12-21 00:23:00'),
(365, 29, 281, 'Episodio 281', '2018-10-28', '2020-12-21 00:23:00'),
(366, 29, 282, 'Episodio 282', '2018-11-04', '2020-12-21 00:23:00'),
(367, 29, 283, 'Episodio 283', '2018-11-11', '2020-12-21 00:23:00'),
(368, 29, 284, 'Episodio 284', '2018-11-18', '2020-12-21 00:23:00'),
(369, 29, 285, 'Episodio 285', '2018-11-24', '2020-12-21 00:23:00'),
(370, 29, 286, 'Episodio 286', '2018-12-02', '2020-12-21 00:23:00'),
(371, 29, 287, 'Episodio 287', '2018-12-09', '2020-12-21 00:23:00'),
(372, 29, 288, 'Episodio 288', '2018-12-16', '2020-12-21 00:23:00'),
(373, 29, 289, 'Episodio 289', '2018-12-23', '2020-12-21 00:23:00'),
(374, 29, 290, 'Episodio 290', '2019-01-06', '2020-12-21 00:23:00'),
(375, 29, 291, 'Episodio 291', '2019-01-13', '2020-12-21 00:23:00'),
(376, 29, 292, 'Episodio 292', '2019-01-20', '2020-12-21 00:23:00'),
(377, 29, 293, 'Episodio 293', '2019-01-27', '2020-12-21 00:23:00'),
(378, 29, 294, 'Episodio 294', '2019-02-03', '2020-12-21 00:23:00'),
(379, 29, 295, 'Episodio 295', '2019-02-10', '2020-12-21 00:23:00'),
(380, 29, 296, 'Episodio 296', '2019-02-17', '2020-12-21 00:23:00'),
(381, 29, 297, 'Episodio 297', '2019-02-24', '2020-12-21 00:23:00'),
(382, 29, 298, 'Episodio 298', '2019-03-03', '2020-12-21 00:23:00'),
(383, 29, 299, 'Episodio 299', '2019-03-10', '2020-12-21 00:23:00'),
(384, 29, 300, 'Episodio 300', '2019-03-17', '2020-12-21 00:23:00'),
(385, 29, 301, 'Episodio 301', '2019-03-24', '2020-12-21 00:23:00'),
(386, 29, 302, 'Episodio 302', '2019-03-31', '2020-12-21 00:23:00'),
(387, 29, 303, 'Episodio 303', '2019-04-07', '2020-12-21 00:23:00'),
(388, 29, 304, 'Episodio 304', '2019-04-14', '2020-12-21 00:23:00'),
(389, 29, 305, 'Episodio 305', '2019-04-21', '2020-12-21 00:23:00'),
(390, 29, 306, 'Episodio 306', '2019-04-28', '2020-12-21 00:23:00'),
(391, 29, 307, 'Episodio 307', '2019-05-05', '2020-12-21 00:23:00'),
(392, 29, 308, 'Episodio 308', '2019-05-12', '2020-12-21 00:23:00'),
(393, 29, 309, 'Episodio 309', '2019-05-19', '2020-12-21 00:23:00'),
(394, 29, 310, 'Episodio 310', '2019-05-26', '2020-12-21 00:23:00'),
(395, 29, 311, 'Episodio 311', '2019-06-02', '2020-12-21 00:23:00'),
(396, 29, 312, 'Episodio 312', '2019-06-09', '2020-12-21 00:23:00'),
(397, 29, 313, 'Episodio 313', '2019-06-16', '2020-12-21 00:23:00'),
(398, 29, 314, 'Episodio 314', '2019-06-23', '2020-12-21 00:23:00'),
(399, 29, 315, 'Episodio 315', '2019-06-30', '2020-12-21 00:23:00'),
(400, 29, 316, 'Episodio 316', '2019-07-07', '2020-12-21 00:23:00'),
(401, 29, 317, 'Episodio 317', '2019-07-14', '2020-12-21 00:23:00'),
(402, 29, 318, 'Episodio 318', '2019-07-21', '2020-12-21 00:23:00'),
(403, 29, 319, 'Episodio 319', '2019-07-28', '2020-12-21 00:23:00'),
(404, 29, 320, 'Episodio 320', '2019-08-04', '2020-12-21 00:23:00'),
(405, 29, 321, 'Episodio 321', '2019-08-11', '2020-12-21 00:23:00'),
(406, 29, 322, 'Episodio 322', '2019-08-17', '2020-12-21 00:23:00'),
(407, 29, 323, 'Episodio 323', '2019-08-24', '2020-12-21 00:23:00'),
(408, 29, 324, 'Episodio 324', '2019-08-31', '2020-12-21 00:23:00'),
(409, 29, 325, 'Episodio 325', '2019-09-07', '2020-12-21 00:23:00'),
(410, 29, 326, 'Episodio 326', '2019-09-15', '2020-12-21 00:23:00'),
(411, 29, 327, 'Episodio 327', '2019-09-22', '2020-12-21 00:23:00'),
(412, 29, 328, 'Episodio 328', '2019-09-28', '2020-12-21 00:23:00'),
(413, 30, 1, 'Episodio 1', '2020-03-23', '2020-12-21 00:28:39'),
(414, 30, 2, 'Episodio 2', '2020-03-28', '2020-12-21 00:28:39'),
(415, 30, 3, 'Episodio 3', '2020-03-29', '2020-12-21 00:28:39'),
(416, 30, 4, 'Episodio 4', '2020-04-30', '2020-12-21 00:28:39'),
(417, 30, 5, 'Episodio 5', '2020-04-02', '2020-12-21 00:28:39'),
(418, 30, 6, 'Episodio 6', '2020-04-02', '2020-12-21 00:28:39'),
(419, 30, 7, 'Episodio 7', '2020-05-07', '2020-12-21 00:28:39'),
(420, 30, 8, 'Episodio 8', '2020-05-08', '2020-12-21 00:28:39'),
(421, 30, 9, 'Episodio 9', '2020-05-10', '2020-12-21 00:28:39'),
(422, 30, 10, 'Episodio 10', '2020-05-11', '2020-12-21 00:28:39'),
(423, 30, 11, 'Episodio 11', '2020-05-12', '2020-12-21 00:28:39'),
(424, 30, 12, 'Episodio 12', '2020-05-12', '2020-12-21 00:28:39'),
(425, 31, 1, 'Episodio 1', '2016-07-02', '2020-12-21 00:31:18'),
(426, 31, 2, 'Episodio 2', '2016-07-09', '2020-12-21 00:31:18'),
(427, 31, 3, 'Episodio 3', '2016-07-16', '2020-12-21 00:31:18'),
(428, 31, 4, 'Episodio 4', '2016-07-23', '2020-12-21 00:31:18'),
(429, 31, 5, 'Episodio 5', '2016-07-30', '2020-12-21 00:31:18'),
(430, 31, 6, 'Episodio 6', '2016-08-06', '2020-12-21 00:31:18'),
(431, 31, 7, 'Episodio 7', '2016-08-13', '2020-12-21 00:31:18'),
(432, 31, 8, 'Episodio 8', '2016-08-20', '2020-12-21 00:31:18'),
(433, 31, 9, 'Episodio 9', '2016-08-27', '2020-12-21 00:31:18'),
(434, 31, 10, 'Episodio 10', '2016-09-03', '2020-12-21 00:31:18'),
(435, 31, 11, 'Episodio 11', '2016-09-10', '2020-12-21 00:31:18'),
(436, 31, 12, 'Episodio 12', '2016-09-17', '2020-12-21 00:31:18'),
(437, 31, 13, 'Episodio 13', '2016-09-24', '2020-12-21 00:31:18'),
(438, 31, 14, 'Episodio 14', '2020-04-30', '2020-12-21 00:31:18'),
(439, 31, 15, 'Episodio 15', '2020-04-30', '2020-12-21 00:31:18'),
(440, 31, 16, 'Episodio 16', '2020-04-30', '2020-12-21 00:31:18'),
(441, 31, 17, 'Episodio 17', '2020-04-30', '2020-12-21 00:31:18'),
(442, 32, 1, 'Episodio 1', '2007-04-01', '2020-12-21 00:32:56'),
(443, 32, 2, 'Episodio 2', '2007-04-08', '2020-12-21 00:32:56'),
(444, 32, 3, 'Episodio 3', '2007-04-15', '2020-12-21 00:32:56'),
(445, 32, 4, 'Episodio 4', '2007-04-22', '2020-12-21 00:32:56'),
(446, 32, 5, 'Episodio 5', '2007-04-29', '2020-12-21 00:32:56'),
(447, 32, 6, 'Episodio 6', '2007-05-06', '2020-12-21 00:32:56'),
(448, 32, 7, 'Episodio 7', '2007-05-13', '2020-12-21 00:32:56'),
(449, 32, 8, 'Episodio 8', '2007-05-20', '2020-12-21 00:32:56'),
(450, 32, 9, 'Episodio 9', '2007-05-27', '2020-12-21 00:32:56'),
(451, 32, 10, 'Episodio 10', '2007-06-03', '2020-12-21 00:32:56'),
(452, 32, 11, 'Episodio 11', '2007-06-10', '2020-12-21 00:32:56'),
(453, 32, 12, 'Episodio 12', '2007-06-17', '2020-12-21 00:32:56'),
(454, 32, 13, 'Episodio 13', '2007-06-24', '2020-12-21 00:32:56'),
(455, 32, 14, 'Episodio 14', '2007-07-01', '2020-12-21 00:32:56'),
(456, 32, 15, 'Episodio 15', '2007-07-08', '2020-12-21 00:32:56'),
(457, 32, 16, 'Episodio 16', '2007-07-15', '2020-12-21 00:32:56'),
(458, 32, 17, 'Episodio 17', '2007-07-22', '2020-12-21 00:32:56'),
(459, 32, 18, 'Episodio 18', '2007-07-29', '2020-12-21 00:32:56'),
(460, 32, 19, 'Episodio 19', '2007-08-05', '2020-12-21 00:32:56'),
(461, 32, 20, 'Episodio 20', '2007-08-12', '2020-12-21 00:32:56'),
(462, 32, 21, 'Episodio 21', '2007-08-19', '2020-12-21 00:32:56'),
(463, 32, 22, 'Episodio 22', '2007-08-26', '2020-12-21 00:32:56'),
(464, 32, 23, 'Episodio 23', '2007-09-02', '2020-12-21 00:32:56'),
(465, 32, 24, 'Episodio 24', '2007-09-09', '2020-12-21 00:32:56'),
(466, 32, 25, 'Episodio 25', '2007-09-16', '2020-12-21 00:32:56'),
(467, 32, 26, 'Episodio 26', '2007-09-23', '2020-12-21 00:32:56'),
(468, 32, 27, 'Episodio 27', '2007-09-30', '2020-12-21 00:32:56'),
(469, 33, 1, 'Episodio 1', '2020-04-05', '2020-12-21 00:40:13'),
(470, 33, 2, 'Episodio 2', '2020-04-12', '2020-12-21 00:40:13'),
(471, 33, 3, 'Episodio 3', '2020-04-19', '2020-12-21 00:40:13'),
(472, 33, 4, 'Episodio 4', '2020-04-26', '2020-12-21 00:40:13'),
(473, 33, 5, 'Episodio 5', '2020-05-03', '2020-12-21 00:40:13'),
(474, 33, 6, 'Episodio 6', '2020-05-10', '2020-12-21 00:40:13'),
(475, 33, 7, 'Episodio 7', '2020-05-17', '2020-12-21 00:40:13'),
(476, 33, 8, 'Episodio 8', '2020-05-24', '2020-12-21 00:40:13'),
(477, 33, 9, 'Episodio 9', '2020-05-31', '2020-12-21 00:40:13'),
(478, 33, 10, 'Episodio 10', '2020-06-07', '2020-12-21 00:40:13'),
(479, 33, 11, 'Episodio 11', '2020-06-14', '2020-12-21 00:40:13'),
(480, 33, 12, 'Episodio 12', '2020-06-21', '2020-12-21 00:40:13'),
(481, 33, 13, 'Episodio 13', '2020-06-28', '2020-12-21 00:40:13'),
(482, 34, 1, 'Episodio 1', '2020-04-02', '2020-12-21 00:41:39'),
(483, 34, 2, 'Episodio 2', '2020-04-02', '2020-12-21 00:41:39'),
(484, 34, 3, 'Episodio 3', '2020-04-24', '2020-12-21 00:41:39'),
(485, 34, 4, 'Episodio 4', '2020-07-24', '2020-12-21 00:41:39'),
(486, 34, 5, 'Episodio 5', '2020-08-01', '2020-12-21 00:41:39'),
(487, 34, 6, 'Episodio 6', '2020-08-08', '2020-12-21 00:41:39'),
(488, 34, 7, 'Episodio 7', '2020-08-14', '2020-12-21 00:41:39'),
(489, 34, 8, 'Episodio 8', '2020-08-22', '2020-12-21 00:41:39'),
(490, 34, 9, 'Episodio 9', '2020-08-28', '2020-12-21 00:41:39'),
(491, 34, 10, 'Episodio 10', '2020-09-04', '2020-12-21 00:41:39'),
(492, 34, 11, 'Episodio 11', '2020-09-11', '2020-12-21 00:41:39'),
(493, 34, 12, 'Episodio 12', '2020-09-18', '2020-12-21 00:41:39'),
(494, 34, 13, 'Episodio 13', '2020-09-27', '2020-12-21 00:41:39'),
(495, 35, 1, 'Episodio 1', '2019-04-06', '2020-12-21 00:42:37'),
(496, 35, 2, 'Episodio 2', '2019-04-13', '2020-12-21 00:42:37'),
(497, 35, 3, 'Episodio 3', '2019-04-20', '2020-12-21 00:42:37'),
(498, 35, 4, 'Episodio 4', '2019-04-27', '2020-12-21 00:42:37'),
(499, 35, 5, 'Episodio 5', '2019-05-04', '2020-12-21 00:42:37'),
(500, 35, 6, 'Episodio 6', '2019-05-11', '2020-12-21 00:42:37'),
(501, 35, 7, 'Episodio 7', '2019-05-18', '2020-12-21 00:42:37'),
(502, 35, 8, 'Episodio 8', '2019-05-25', '2020-12-21 00:42:37'),
(503, 35, 9, 'Episodio 9', '2019-06-01', '2020-12-21 00:42:37'),
(504, 35, 10, 'Episodio 10', '2019-06-08', '2020-12-21 00:42:37'),
(505, 35, 11, 'Episodio 11', '2019-06-15', '2020-12-21 00:42:37'),
(506, 35, 12, 'Episodio 12', '2020-01-31', '2020-12-21 00:42:37'),
(507, 36, 1, 'Episodio 1', '2017-07-12', '2020-12-21 00:43:49'),
(508, 36, 2, 'Episodio 2', '2017-07-20', '2020-12-21 00:43:49'),
(509, 36, 3, 'Episodio 3', '2017-07-27', '2020-12-21 00:43:49'),
(510, 36, 4, 'Episodio 4', '2017-08-03', '2020-12-21 00:43:49'),
(511, 36, 5, 'Episodio 5', '2017-08-10', '2020-12-21 00:43:49'),
(512, 36, 6, 'Episodio 6', '2017-08-17', '2020-12-21 00:43:49'),
(513, 36, 7, 'Episodio 7', '2017-08-24', '2020-12-21 00:43:49'),
(514, 36, 8, 'Episodio 8', '2017-08-31', '2020-12-21 00:43:49'),
(515, 36, 9, 'Episodio 9', '2017-09-07', '2020-12-21 00:43:49'),
(516, 36, 10, 'Episodio 10', '2017-09-14', '2020-12-21 00:43:49'),
(517, 36, 11, 'Episodio 11', '2020-05-12', '2020-12-21 00:43:49'),
(518, 37, 1, 'Episodio 1', '2020-01-12', '2020-12-21 00:44:34'),
(519, 37, 2, 'Episodio 2', '2020-01-18', '2020-12-21 00:44:34'),
(520, 37, 3, 'Episodio 3', '2020-01-25', '2020-12-21 00:44:34'),
(521, 37, 4, 'Episodio 4', '2020-02-01', '2020-12-21 00:44:34'),
(522, 37, 5, 'Episodio 5', '2020-02-08', '2020-12-21 00:44:34'),
(523, 37, 6, 'Episodio 6', '2020-02-15', '2020-12-21 00:44:34'),
(524, 37, 7, 'Episodio 7', '2020-02-22', '2020-12-21 00:44:34'),
(525, 37, 8, 'Episodio 8', '2020-02-29', '2020-12-21 00:44:34'),
(526, 37, 9, 'Episodio 9', '2020-03-07', '2020-12-21 00:44:34'),
(527, 37, 10, 'Episodio 10', '2020-03-14', '2020-12-21 00:44:34'),
(528, 37, 11, 'Episodio 11', '2020-03-21', '2020-12-21 00:44:34'),
(529, 37, 12, 'Episodio 12', '2020-03-28', '2020-12-21 00:44:34'),
(530, 38, 1, 'Episodio 1', '2020-01-01', '2020-12-21 00:45:56'),
(531, 38, 2, 'Episodio 2', '2020-01-08', '2020-12-21 00:45:56'),
(532, 38, 3, 'Episodio 3', '2020-01-15', '2020-12-21 00:45:56'),
(533, 38, 4, 'Episodio 4', '2020-01-22', '2020-12-21 00:45:56'),
(534, 38, 5, 'Episodio 5', '2020-01-29', '2020-12-21 00:45:56'),
(535, 38, 6, 'Episodio 6', '2020-02-05', '2020-12-21 00:45:56'),
(536, 38, 7, 'Episodio 7', '2020-02-19', '2020-12-21 00:45:56'),
(537, 38, 8, 'Episodio 8', '2020-02-26', '2020-12-21 00:45:56'),
(538, 38, 9, 'Episodio 9', '2020-03-04', '2020-12-21 00:45:56'),
(539, 38, 10, 'Episodio 10', '2020-03-11', '2020-12-21 00:45:56'),
(540, 38, 11, 'Episodio 11', '2020-03-18', '2020-12-21 00:45:56'),
(541, 38, 12, 'Episodio 12', '2020-03-25', '2020-12-21 00:45:56'),
(542, 38, 13, 'Episodio 13', '2020-04-01', '2020-12-21 00:45:56'),
(543, 39, 1, 'Episodio 1', '2018-10-04', '2020-12-21 00:51:10'),
(544, 39, 2, 'Episodio 2', '2018-10-11', '2020-12-21 00:51:10'),
(545, 39, 3, 'Episodio 3', '2018-10-18', '2020-12-21 00:51:10'),
(546, 39, 4, 'Episodio 4', '2018-10-25', '2020-12-21 00:51:10'),
(547, 39, 5, 'Episodio 5', '2018-11-01', '2020-12-21 00:51:10'),
(548, 39, 6, 'Episodio 6', '2018-11-08', '2020-12-21 00:51:10'),
(549, 39, 7, 'Episodio 7', '2018-11-15', '2020-12-21 00:51:10'),
(550, 39, 8, 'Episodio 8', '2018-11-22', '2020-12-21 00:51:10'),
(551, 39, 9, 'Episodio 9', '2018-11-29', '2020-12-21 00:51:10'),
(552, 39, 10, 'Episodio 10', '2018-12-06', '2020-12-21 00:51:10'),
(553, 39, 11, 'Episodio 11', '2018-12-13', '2020-12-21 00:51:10'),
(554, 39, 12, 'Episodio 12', '2018-12-20', '2020-12-21 00:51:10'),
(555, 39, 13, 'Episodio 13', '2018-12-27', '2020-12-21 00:51:10'),
(556, 40, 1, 'Episodio 1', '2013-10-04', '2020-12-21 00:56:15'),
(557, 40, 2, 'Episodio 2', '2013-10-11', '2020-12-21 00:56:15'),
(558, 40, 3, 'Episodio 3', '2013-10-18', '2020-12-21 00:56:15'),
(559, 40, 4, 'Episodio 4', '2013-10-25', '2020-12-21 00:56:15'),
(560, 40, 5, 'Episodio 5', '2013-11-01', '2020-12-21 00:56:15'),
(561, 40, 6, 'Episodio 6', '2013-11-08', '2020-12-21 00:56:15'),
(562, 40, 7, 'Episodio 7', '2013-11-15', '2020-12-21 00:56:15'),
(563, 40, 8, 'Episodio 8', '2013-11-22', '2020-12-21 00:56:15'),
(564, 40, 9, 'Episodio 9', '2013-11-29', '2020-12-21 00:56:15'),
(565, 40, 10, 'Episodio 10', '2013-12-06', '2020-12-21 00:56:15'),
(566, 40, 11, 'Episodio 11', '2013-12-13', '2020-12-21 00:56:15'),
(567, 40, 12, 'Episodio 12', '2013-12-20', '2020-12-21 00:56:15'),
(568, 40, 13, 'Episodio 13', '2014-01-10', '2020-12-21 00:56:15'),
(569, 40, 14, 'Episodio 14', '2014-01-17', '2020-12-21 00:56:15'),
(570, 40, 15, 'Episodio 15', '2014-01-24', '2020-12-21 00:56:15'),
(571, 40, 16, 'Episodio 16', '2014-01-31', '2020-12-21 00:56:15'),
(572, 40, 17, 'Episodio 17', '2014-02-07', '2020-12-21 00:56:15'),
(573, 40, 18, 'Episodio 18', '2014-02-14', '2020-12-21 00:56:15'),
(574, 40, 19, 'Episodio 19', '2014-02-21', '2020-12-21 00:56:15'),
(575, 40, 20, 'Episodio 20', '2014-02-28', '2020-12-21 00:56:15'),
(576, 40, 21, 'Episodio 21', '2014-03-07', '2020-12-21 00:56:15'),
(577, 40, 22, 'Episodio 22', '2014-03-14', '2020-12-21 00:56:15'),
(578, 40, 23, 'Episodio 23', '2014-03-21', '2020-12-21 00:56:15'),
(579, 40, 24, 'Episodio 24', '2014-03-28', '2020-12-21 00:56:15'),
(580, 41, 1, 'Episodio 1', '2019-04-08', '2020-12-21 00:58:47'),
(581, 41, 2, 'Episodio 2', '2019-04-15', '2020-12-21 00:58:47'),
(582, 41, 3, 'Episodio 3', '2019-04-15', '2020-12-21 00:58:47'),
(583, 41, 4, 'Episodio 4', '2019-04-22', '2020-12-21 00:58:47'),
(584, 41, 5, 'Episodio 5', '2019-09-13', '2020-12-21 00:58:47'),
(585, 41, 6, 'Episodio 6', '2019-05-12', '2020-12-21 00:58:47'),
(586, 41, 7, 'Episodio 7', '2019-09-13', '2020-12-21 00:58:47'),
(587, 41, 8, 'Episodio 8', '2019-09-13', '2020-12-21 00:58:47'),
(588, 41, 9, 'Episodio 9', '2019-09-13', '2020-12-21 00:58:47'),
(589, 41, 10, 'Episodio 10', '2019-06-09', '2020-12-21 00:58:47'),
(590, 41, 11, 'Episodio 11', '2019-06-17', '2020-12-21 00:58:47'),
(591, 41, 12, 'Episodio 12', '2019-06-24', '2020-12-21 00:58:47'),
(592, 41, 13, 'Episodio 13', '2020-01-21', '2020-12-21 00:58:47'),
(593, 42, 1, 'Episodio 1', '2011-10-09', '2020-12-21 00:59:50'),
(594, 42, 2, 'Episodio 2', '2011-10-16', '2020-12-21 00:59:50'),
(595, 42, 3, 'Episodio 3', '2011-10-23', '2020-12-21 00:59:50'),
(596, 42, 4, 'Episodio 4', '2011-10-30', '2020-12-21 00:59:50'),
(597, 42, 5, 'Episodio 5', '2011-11-06', '2020-12-21 00:59:50'),
(598, 42, 6, 'Episodio 6', '2011-11-13', '2020-12-21 00:59:50'),
(599, 42, 7, 'Episodio 7', '2011-11-20', '2020-12-21 00:59:50'),
(600, 42, 8, 'Episodio 8', '2011-11-27', '2020-12-21 00:59:50'),
(601, 42, 9, 'Episodio 9', '2011-12-04', '2020-12-21 00:59:50'),
(602, 42, 10, 'Episodio 10', '2011-12-11', '2020-12-21 00:59:50'),
(603, 42, 11, 'Episodio 11', '2011-12-18', '2020-12-21 00:59:50'),
(604, 42, 12, 'Episodio 12', '2011-12-25', '2020-12-21 00:59:50'),
(605, 42, 13, 'Episodio 13', '2012-01-08', '2020-12-21 00:59:50'),
(606, 42, 14, 'Episodio 14', '2012-01-15', '2020-12-21 00:59:50'),
(607, 42, 15, 'Episodio 15', '2012-01-22', '2020-12-21 00:59:50'),
(608, 42, 16, 'Episodio 16', '2012-01-29', '2020-12-21 00:59:50'),
(609, 42, 17, 'Episodio 17', '2012-02-05', '2020-12-21 00:59:50'),
(610, 42, 18, 'Episodio 18', '2012-02-12', '2020-12-21 00:59:50'),
(611, 42, 19, 'Episodio 19', '2012-02-19', '2020-12-21 00:59:50'),
(612, 42, 20, 'Episodio 20', '2012-02-26', '2020-12-21 00:59:50'),
(613, 42, 21, 'Episodio 21', '2012-03-11', '2020-12-21 00:59:50'),
(614, 42, 22, 'Episodio 22', '2012-03-17', '2020-12-21 00:59:50'),
(615, 42, 23, 'Episodio 23', '2012-03-25', '2020-12-21 00:59:50'),
(616, 42, 24, 'Episodio 24', '2012-04-01', '2020-12-21 00:59:50'),
(617, 42, 25, 'Episodio 25', '2012-04-08', '2020-12-21 00:59:50'),
(618, 42, 26, 'Episodio 26', '2012-04-15', '2020-12-21 00:59:50'),
(619, 42, 27, 'Episodio 27', '2010-12-09', '2020-12-21 00:59:50'),
(620, 42, 28, 'Episodio 28', '2013-06-19', '2020-12-21 00:59:50'),
(621, 43, 1, 'Episodio 1', '2018-10-03', '2020-12-21 01:00:45'),
(622, 43, 2, 'Episodio 2', '2018-10-10', '2020-12-21 01:00:45'),
(623, 43, 3, 'Episodio 3', '2018-10-17', '2020-12-21 01:00:45'),
(624, 43, 4, 'Episodio 4', '2018-10-24', '2020-12-21 01:00:45'),
(625, 43, 5, 'Episodio 5', '2018-10-31', '2020-12-21 01:00:45'),
(626, 43, 6, 'Episodio 6', '2018-11-07', '2020-12-21 01:00:45'),
(627, 43, 7, 'Episodio 7', '2018-11-14', '2020-12-21 01:00:45'),
(628, 43, 8, 'Episodio 8', '2018-11-21', '2020-12-21 01:00:45'),
(629, 43, 9, 'Episodio 9', '2018-11-28', '2020-12-21 01:00:45'),
(630, 43, 10, 'Episodio 10', '2018-12-05', '2020-12-21 01:00:45'),
(631, 43, 11, 'Episodio 11', '2018-12-12', '2020-12-21 01:00:45'),
(632, 43, 12, 'Episodio 12', '2019-01-09', '2020-12-21 01:00:45'),
(633, 43, 13, 'Episodio 13', '2019-01-16', '2020-12-21 01:00:45'),
(634, 43, 14, 'Episodio 14', '2019-01-23', '2020-12-21 01:00:45'),
(635, 43, 15, 'Episodio 15', '2019-01-30', '2020-12-21 01:00:45'),
(636, 43, 16, 'Episodio 16', '2019-02-06', '2020-12-21 01:00:45'),
(637, 43, 17, 'Episodio 17', '2019-01-23', '2020-12-21 01:00:45'),
(638, 43, 18, 'Episodio 18', '2019-01-30', '2020-12-21 01:00:45'),
(639, 43, 19, 'Episodio 19', '2019-02-06', '2020-12-21 01:00:45'),
(640, 43, 20, 'Episodio 20', '2019-02-13', '2020-12-21 01:00:45'),
(641, 43, 21, 'Episodio 21', '2019-02-20', '2020-12-21 01:00:45'),
(642, 43, 22, 'Episodio 22', '2019-02-27', '2020-12-21 01:00:45'),
(643, 43, 23, 'Episodio 23', '2019-03-06', '2020-12-21 01:00:45'),
(644, 44, 1, 'Episodio 1', '2017-06-23', '2020-12-21 01:02:14'),
(645, 44, 2, 'Episodio 2', '2017-06-30', '2020-12-21 01:02:14'),
(646, 44, 3, 'Episodio 3', '2017-07-07', '2020-12-21 01:02:14'),
(647, 44, 4, 'Episodio 4', '2017-07-14', '2020-12-21 01:02:14'),
(648, 44, 5, 'Episodio 5', '2015-08-05', '2020-12-21 01:02:14'),
(649, 44, 6, 'Episodio 6', '2015-08-12', '2020-12-21 01:02:14'),
(650, 44, 7, 'Episodio 7', '2015-08-19', '2020-12-21 01:02:14'),
(651, 44, 8, 'Episodio 8', '2015-08-26', '2020-12-21 01:02:14'),
(652, 44, 9, 'Episodio 9', '2015-09-02', '2020-12-21 01:02:14'),
(653, 44, 10, 'Episodio 10', '2015-09-09', '2020-12-21 01:02:14'),
(654, 44, 11, 'Episodio 11', '2015-09-16', '2020-12-21 01:02:14'),
(655, 44, 12, 'Episodio 12', '2015-09-23', '2020-12-21 01:02:14'),
(656, 44, 13, 'Episodio 13', '2020-04-29', '2020-12-21 01:02:14'),
(657, 45, 1, 'Episodio 1', '2014-04-06', '2020-12-21 01:03:34'),
(658, 45, 2, 'Episodio 2', '2014-04-13', '2020-12-21 01:03:34'),
(659, 45, 3, 'Episodio 3', '2014-04-20', '2020-12-21 01:03:34'),
(660, 45, 4, 'Episodio 4', '2014-04-27', '2020-12-21 01:03:34'),
(661, 45, 5, 'Episodio 5', '2014-05-04', '2020-12-21 01:03:34'),
(662, 45, 6, 'Episodio 6', '2014-05-11', '2020-12-21 01:03:34'),
(663, 45, 7, 'Episodio 7', '2014-05-18', '2020-12-21 01:03:34'),
(664, 45, 8, 'Episodio 8', '2014-05-25', '2020-12-21 01:03:34'),
(665, 45, 9, 'Episodio 9', '2014-06-01', '2020-12-21 01:03:34'),
(666, 45, 10, 'Episodio 10', '2014-06-08', '2020-12-21 01:03:34'),
(667, 45, 11, 'Episodio 11', '2014-06-15', '2020-12-21 01:03:34'),
(668, 45, 12, 'Episodio 12', '2014-06-22', '2020-12-21 01:03:34'),
(669, 45, 13, 'Episodio 13', '2014-06-29', '2020-12-21 01:03:34'),
(670, 45, 14, 'Episodio 14', '2014-07-06', '2020-12-21 01:03:34'),
(671, 45, 15, 'Episodio 15', '2014-07-13', '2020-12-21 01:03:34'),
(672, 45, 16, 'Episodio 16', '2014-07-20', '2020-12-21 01:03:34'),
(673, 45, 17, 'Episodio 17', '2014-07-27', '2020-12-21 01:03:34'),
(674, 45, 18, 'Episodio 18', '2014-08-03', '2020-12-21 01:03:34'),
(675, 45, 19, 'Episodio 19', '2014-08-10', '2020-12-21 01:03:34'),
(676, 45, 20, 'Episodio 20', '2014-08-17', '2020-12-21 01:03:34'),
(677, 45, 21, 'Episodio 21', '2014-08-24', '2020-12-21 01:03:34'),
(678, 45, 22, 'Episodio 22', '2014-08-31', '2020-12-21 01:03:34'),
(679, 45, 23, 'Episodio 23', '2014-09-07', '2020-12-21 01:03:34'),
(680, 45, 24, 'Episodio 24', '2014-09-14', '2020-12-21 01:03:34'),
(681, 45, 25, 'Episodio 25', '2014-09-21', '2020-12-21 01:03:34'),
(682, 46, 1, 'Episodio 1', '2019-04-11', '2020-12-21 01:05:12'),
(683, 46, 2, 'Episodio 2', '2019-04-18', '2020-12-21 01:05:12'),
(684, 46, 3, 'Episodio 3', '2019-04-25', '2020-12-21 01:05:12'),
(685, 46, 4, 'Episodio 4', '2019-05-02', '2020-12-21 01:05:12'),
(686, 46, 5, 'Episodio 5', '2019-05-09', '2020-12-21 01:05:12'),
(687, 46, 6, 'Episodio 6', '2019-05-16', '2020-12-21 01:05:12'),
(688, 46, 7, 'Episodio 7', '2019-05-23', '2020-12-21 01:05:12'),
(689, 46, 8, 'Episodio 8', '2019-05-30', '2020-12-21 01:05:12'),
(690, 46, 9, 'Episodio 9', '2019-06-06', '2020-12-21 01:05:12'),
(691, 46, 10, 'Episodio 10', '2019-06-13', '2020-12-21 01:05:12'),
(692, 46, 11, 'Episodio 11', '2019-06-20', '2020-12-21 01:05:12'),
(693, 46, 12, 'Episodio 12', '2019-06-27', '2020-12-21 01:05:12'),
(694, 46, 13, 'Episodio 13', '2019-07-11', '2020-12-21 01:05:12'),
(695, 46, 14, 'Episodio 14', '2019-07-18', '2020-12-21 01:05:12'),
(696, 46, 15, 'Episodio 15', '2019-08-01', '2020-12-21 01:05:12'),
(697, 46, 16, 'Episodio 16', '2019-08-08', '2020-12-21 01:05:12'),
(698, 46, 17, 'Episodio 17', '2019-08-15', '2020-12-21 01:05:12'),
(699, 46, 18, 'Episodio 18', '2019-08-22', '2020-12-21 01:05:12'),
(700, 46, 19, 'Episodio 19', '2019-08-29', '2020-12-21 01:05:12'),
(701, 46, 20, 'Episodio 20', '2019-09-05', '2020-12-21 01:05:12'),
(702, 46, 21, 'Episodio 21', '2019-09-12', '2020-12-21 01:05:12'),
(703, 46, 22, 'Episodio 22', '2019-09-19', '2020-12-21 01:05:12'),
(704, 46, 23, 'Episodio 23', '2019-09-26', '2020-12-21 01:05:12'),
(705, 46, 24, 'Episodio 24', '2019-10-03', '2020-12-21 01:05:12'),
(706, 47, 1, 'Episodio 1', '2020-12-06', '2020-12-22 22:12:29'),
(707, 47, 2, 'Episodio 2', '2020-12-13', '2020-12-22 22:12:29'),
(708, 47, 3, 'Episodio 3', '2020-12-20', '2020-12-22 22:12:29'),
(709, 48, 1, 'Episodio 1', '2018-07-22', '2020-12-22 22:15:16'),
(710, 48, 2, 'Episodio 2', '2018-07-29', '2020-12-22 22:15:16'),
(711, 48, 3, 'Episodio 3', '2018-08-06', '2020-12-22 22:15:16'),
(712, 48, 4, 'Episodio 4', '2018-08-12', '2020-12-22 22:15:16'),
(713, 48, 5, 'Episodio 5', '2018-08-19', '2020-12-22 22:15:16'),
(714, 48, 6, 'Episodio 6', '2018-08-26', '2020-12-22 22:15:16'),
(715, 48, 7, 'Episodio 7', '2018-09-02', '2020-12-22 22:15:16'),
(716, 48, 8, 'Episodio 8', '2018-09-09', '2020-12-22 22:15:16'),
(717, 48, 9, 'Episodio 9', '2018-09-16', '2020-12-22 22:15:16'),
(718, 48, 10, 'Episodio 10', '2018-09-23', '2020-12-22 22:15:16'),
(719, 48, 11, 'Episodio 11', '2018-10-07', '2020-12-22 22:15:16'),
(720, 48, 12, 'Episodio 12', '2018-10-14', '2020-12-22 22:15:16'),
(721, 48, 13, 'Episodio 13', '2019-04-28', '2020-12-22 22:15:16'),
(722, 48, 14, 'Episodio 14', '2019-05-05', '2020-12-22 22:15:16'),
(723, 48, 15, 'Episodio 15', '2019-05-12', '2020-12-22 22:15:16'),
(724, 48, 16, 'Episodio 16', '2019-05-19', '2020-12-22 22:15:16'),
(725, 48, 17, 'Episodio 17', '2019-05-26', '2020-12-22 22:15:16'),
(726, 48, 18, 'Episodio 18', '2019-06-02', '2020-12-22 22:15:16'),
(727, 48, 19, 'Episodio 19', '2019-06-09', '2020-12-22 22:15:16'),
(728, 48, 20, 'Episodio 20', '2019-06-16', '2020-12-22 22:15:16'),
(729, 48, 21, 'Episodio 21', '2019-06-23', '2020-12-22 22:15:16'),
(730, 48, 22, 'Episodio 22', '2019-06-30', '2020-12-22 22:15:16'),
(731, 49, 1, 'Episodio 1', '2017-04-01', '2020-12-22 22:15:40'),
(732, 49, 2, 'Episodio 2', '2017-04-08', '2020-12-22 22:15:40'),
(733, 49, 3, 'Episodio 3', '2017-04-15', '2020-12-22 22:15:40'),
(734, 49, 4, 'Episodio 4', '2017-04-22', '2020-12-22 22:15:40'),
(735, 49, 5, 'Episodio 5', '2017-04-29', '2020-12-22 22:15:40'),
(736, 49, 6, 'Episodio 6', '2017-05-06', '2020-12-22 22:15:40'),
(737, 49, 7, 'Episodio 7', '2017-05-13', '2020-12-22 22:15:40'),
(738, 49, 8, 'Episodio 8', '2017-05-20', '2020-12-22 22:15:40'),
(739, 49, 9, 'Episodio 9', '2017-05-27', '2020-12-22 22:15:40'),
(740, 49, 10, 'Episodio 10', '2017-06-03', '2020-12-22 22:15:40'),
(741, 49, 11, 'Episodio 11', '2017-06-10', '2020-12-22 22:15:40'),
(742, 49, 12, 'Episodio 12', '2017-06-17', '2020-12-22 22:15:40'),
(743, 49, 13, 'Episodio 13', '2020-05-30', '2020-12-22 22:15:40'),
(744, 49, 14, 'Episodio 14', '2020-05-30', '2020-12-22 22:15:40'),
(745, 49, 15, 'Episodio 15', '2020-05-30', '2020-12-22 22:15:40'),
(746, 50, 1, 'Episodio 1', '2013-04-06', '2020-12-22 22:15:52'),
(747, 50, 2, 'Episodio 2', '2013-04-13', '2020-12-22 22:15:52'),
(748, 50, 3, 'Episodio 3', '2013-04-20', '2020-12-22 22:15:52'),
(749, 50, 4, 'Episodio 4', '2013-04-27', '2020-12-22 22:15:52'),
(750, 50, 5, 'Episodio 5', '2013-05-04', '2020-12-22 22:15:52'),
(751, 50, 6, 'Episodio 6', '2013-05-11', '2020-12-22 22:15:52'),
(752, 50, 7, 'Episodio 7', '2013-05-18', '2020-12-22 22:15:52'),
(753, 50, 8, 'Episodio 8', '2013-05-25', '2020-12-22 22:15:52'),
(754, 50, 9, 'Episodio 9', '2013-06-01', '2020-12-22 22:15:52'),
(755, 50, 10, 'Episodio 10', '2006-09-04', '2020-12-22 22:15:52'),
(756, 50, 11, 'Episodio 10', '2013-06-08', '2020-12-22 22:15:52'),
(757, 50, 12, 'Episodio 11', '2013-06-15', '2020-12-22 22:15:52'),
(758, 50, 13, 'Episodio 12', '2013-06-22', '2020-12-22 22:15:52'),
(759, 50, 14, 'Episodio 13', '2013-06-29', '2020-12-22 22:15:52'),
(760, 50, 15, 'Episodio 14', '2013-07-20', '2020-12-22 22:15:52'),
(761, 50, 16, 'Episodio 15', '2013-07-27', '2020-12-22 22:15:52'),
(762, 50, 17, 'Episodio 16', '2013-08-04', '2020-12-22 22:15:52'),
(763, 50, 18, 'Episodio 17', '2013-08-11', '2020-12-22 22:15:52'),
(764, 50, 19, 'Episodio 18', '2013-08-18', '2020-12-22 22:15:52'),
(765, 50, 20, 'Episodio 19', '2013-08-25', '2020-12-22 22:15:52'),
(766, 50, 21, 'Episodio 20', '2013-09-01', '2020-12-22 22:15:52'),
(767, 50, 22, 'Episodio 21', '2013-09-08', '2020-12-22 22:15:52'),
(768, 50, 23, 'Episodio 22', '2013-09-15', '2020-12-22 22:15:52'),
(769, 50, 24, 'Episodio 23', '2013-09-22', '2020-12-22 22:15:52');
INSERT INTO `eps_anime` (`id_ep_anime`, `id_anime`, `numero_ep`, `nome_ep`, `dt_lancamento`, `dt_cadastro`) VALUES
(770, 50, 25, 'Episodio 24', '2013-09-29', '2020-12-22 22:15:52'),
(771, 50, 26, 'Episodio 25', '2013-10-06', '2020-12-22 22:15:52'),
(772, 50, 27, 'Episodio 26', '2020-05-30', '2020-12-22 22:15:52'),
(773, 50, 28, 'Episodio 27', '2020-05-30', '2020-12-22 22:15:52'),
(774, 50, 29, 'Episodio 28', '2020-05-30', '2020-12-22 22:15:52'),
(775, 50, 30, 'Episodio 29', '2020-05-30', '2020-12-22 22:15:52'),
(776, 50, 31, 'Episodio 30', '2020-05-30', '2020-12-22 22:15:52'),
(777, 51, 1, 'Episodio 1', '2021-01-10', '2021-03-14 23:03:42'),
(778, 51, 2, 'Episodio 2', '2021-01-18', '2021-03-14 23:03:42'),
(779, 51, 3, 'Episodio 3', '2021-01-26', '2021-03-14 23:03:42'),
(780, 51, 4, 'Episodio 4', '2021-01-31', '2021-03-14 23:03:42'),
(781, 51, 5, 'Episodio 5', '2021-02-08', '2021-03-14 23:03:42'),
(782, 51, 6, 'Episodio 6', '2021-02-15', '2021-03-14 23:03:42'),
(783, 51, 7, 'Episodio 7', '2021-02-24', '2021-03-14 23:03:42'),
(784, 51, 8, 'Episodio 8', '2021-02-26', '2021-03-14 23:03:42'),
(785, 51, 9, 'Episodio 9', '2021-03-05', '2021-03-14 23:03:42'),
(786, 51, 10, 'Episodio 10', '2021-03-12', '2021-03-14 23:03:42'),
(787, 52, 1, 'Episodio 1', '2021-01-10', '2021-03-14 23:07:39'),
(788, 52, 2, 'Episodio 2', '2021-01-17', '2021-03-14 23:07:39'),
(789, 52, 3, 'Episodio 3', '2021-01-23', '2021-03-14 23:07:39'),
(790, 52, 4, 'Episodio 4', '2021-01-30', '2021-03-14 23:07:39'),
(791, 52, 5, 'Episodio 5', '2021-02-07', '2021-03-14 23:07:39'),
(792, 52, 6, 'Episodio 6', '2021-02-14', '2021-03-14 23:07:39'),
(793, 52, 7, 'Episodio 7', '2021-02-20', '2021-03-14 23:07:39'),
(794, 52, 8, 'Episodio 8', '2021-02-27', '2021-03-14 23:07:39'),
(795, 52, 9, 'Episodio 9', '2021-03-06', '2021-03-14 23:07:39'),
(796, 52, 10, 'Episodio 10', '2021-03-13', '2021-03-14 23:07:39'),
(797, 53, 1, 'Episodio 1', '2021-01-07', '2021-03-14 23:10:42'),
(798, 53, 2, 'Episodio 2', '2021-01-14', '2021-03-14 23:10:42'),
(799, 53, 3, 'Episodio 3', '2021-01-21', '2021-03-14 23:10:42'),
(800, 53, 4, 'Episodio 4', '2021-01-28', '2021-03-14 23:10:42'),
(801, 53, 5, 'Episodio 5', '2021-02-04', '2021-03-14 23:10:42'),
(802, 53, 6, 'Episodio 6', '2021-02-11', '2021-03-14 23:10:42'),
(803, 53, 7, 'Episodio 7', '2021-02-18', '2021-03-14 23:10:42'),
(804, 53, 8, 'Episodio 8', '2021-02-25', '2021-03-14 23:10:42'),
(805, 53, 9, 'Episodio 9', '2021-03-04', '2021-03-14 23:10:42'),
(806, 53, 10, 'Episodio 10', '2021-03-11', '2021-03-14 23:10:42'),
(807, 54, 1, 'Episodio 1', '2021-01-08', '2021-03-14 23:22:25'),
(808, 54, 2, 'Episodio 2', '2021-01-16', '2021-03-14 23:22:25'),
(809, 54, 3, 'Episodio 3', '2021-01-19', '2021-03-14 23:22:25'),
(810, 54, 4, 'Episodio 4', '2021-01-19', '2021-03-14 23:22:25'),
(811, 54, 5, 'Episodio 5', '2021-01-22', '2021-03-14 23:22:25'),
(812, 54, 6, 'Episodio 6', '2021-01-30', '2021-03-14 23:22:25'),
(813, 54, 7, 'Episodio 7', '2021-02-07', '2021-03-14 23:22:25'),
(814, 54, 8, 'Episodio 8', '2021-02-12', '2021-03-14 23:22:25'),
(815, 54, 9, 'Episodio 9', '2021-02-19', '2021-03-14 23:22:25'),
(816, 54, 10, 'Episodio 10', '2021-02-27', '2021-03-14 23:22:25'),
(817, 54, 11, 'Episodio 11', '2021-03-06', '2021-03-14 23:22:25'),
(818, 55, 1, 'Episodio 1', '2021-01-14', '2021-03-14 23:24:03'),
(819, 55, 2, 'Episodio 2', '2021-01-21', '2021-03-14 23:24:03'),
(820, 55, 3, 'Episodio 3', '2021-01-28', '2021-03-14 23:24:03'),
(821, 55, 4, 'Episodio 4', '2021-02-04', '2021-03-14 23:24:03'),
(822, 55, 5, 'Episodio 5', '2021-02-11', '2021-03-14 23:24:03'),
(823, 55, 6, 'Episodio 6', '2021-02-18', '2021-03-14 23:24:03'),
(824, 55, 7, 'Episodio 7', '2021-02-25', '2021-03-14 23:24:03'),
(825, 55, 8, 'Episodio 8', '2021-03-04', '2021-03-14 23:24:03'),
(826, 55, 9, 'Episodio 9', '2021-03-11', '2021-03-14 23:24:03'),
(827, 56, 1, 'Episodio 1', '2020-12-29', '2021-03-14 23:26:47'),
(828, 56, 2, 'Episodio 2', '2020-12-30', '2021-03-14 23:26:47'),
(829, 56, 3, 'Episodio 3', '2021-01-24', '2021-03-14 23:26:47'),
(830, 56, 4, 'Episodio 4', '2021-02-01', '2021-03-14 23:26:47'),
(831, 56, 5, 'Episodio 5', '2021-02-07', '2021-03-14 23:26:47'),
(832, 56, 6, 'Episodio 6', '2021-02-14', '2021-03-14 23:26:47'),
(833, 56, 7, 'Episodio 7', '2021-02-21', '2021-03-14 23:26:47'),
(834, 56, 8, 'Episodio 8', '2021-02-28', '2021-03-14 23:26:47'),
(835, 56, 9, 'Episodio 9', '2021-03-07', '2021-03-14 23:26:47'),
(836, 56, 10, 'Episodio 10', '2001-03-14', '2021-03-14 23:26:47'),
(837, 57, 1, 'Episodio 1', '2021-01-13', '2021-03-14 23:35:10'),
(838, 57, 2, 'Episodio 2', '2021-01-19', '2021-03-14 23:35:10'),
(839, 57, 3, 'Episodio 3', '2021-01-26', '2021-03-14 23:35:10'),
(840, 57, 4, 'Episodio 4', '2021-02-02', '2021-03-14 23:35:10'),
(841, 57, 5, 'Episodio 5', '2021-02-09', '2021-03-14 23:35:10'),
(842, 57, 6, 'Episodio 6', '2021-02-17', '2021-03-14 23:35:10'),
(843, 57, 7, 'Episodio 7', '2021-02-23', '2021-03-14 23:35:10'),
(844, 57, 8, 'Episodio 8', '2021-03-02', '2021-03-14 23:35:10'),
(845, 57, 9, 'Episodio 9', '2021-03-09', '2021-03-14 23:35:10');

-- --------------------------------------------------------

--
-- Estrutura da tabela `eps_assistidos`
--

CREATE TABLE `eps_assistidos` (
  `id_ep_assistido` int(11) NOT NULL,
  `id_itemLista` int(11) NOT NULL,
  `id_ep_anime` int(11) NOT NULL,
  `dt_cadastro` datetime NOT NULL DEFAULT current_timestamp(),
  `dt_assistido` date NOT NULL
) ENGINE=InnoDB DEFAULT CHARSET=utf8mb4;

--
-- Extraindo dados da tabela `eps_assistidos`
--

INSERT INTO `eps_assistidos` (`id_ep_assistido`, `id_itemLista`, `id_ep_anime`, `dt_cadastro`, `dt_assistido`) VALUES
(2, 2, 88, '2021-02-27 22:22:56', '2021-02-27'),
(3, 2, 89, '2021-02-27 22:42:19', '2021-02-27'),
(4, 12, 0, '2021-03-09 14:05:03', '2021-03-09'),
(5, 14, 1, '2021-03-09 14:10:26', '2021-03-09'),
(7, 14, 24, '2021-03-09 14:26:45', '2021-03-09'),
(8, 7, 2, '2021-03-09 14:27:19', '2021-03-09'),
(9, 2, 85, '2021-03-09 15:11:57', '2021-03-09'),
(10, 2, 86, '2021-03-09 15:13:26', '2021-03-09'),
(11, 15, 36, '2021-03-09 15:14:25', '2021-03-09'),
(12, 2, 87, '2021-03-09 15:15:04', '2021-03-09'),
(13, 2, 94, '2021-03-09 15:15:35', '2021-03-09'),
(14, 2, 90, '2021-03-09 15:19:31', '2021-03-09'),
(15, 11, 61, '2021-03-09 15:22:38', '2021-03-09'),
(16, 7, 3, '2021-03-09 15:25:10', '2021-03-09'),
(17, 11, 62, '2021-03-09 15:25:41', '2021-03-09'),
(18, 17, 777, '2021-03-14 23:31:50', '2021-03-14'),
(19, 17, 778, '2021-03-14 23:31:50', '2021-03-14'),
(22, 17, 779, '2021-03-14 23:32:59', '2021-03-14'),
(23, 17, 780, '2021-03-14 23:32:59', '2021-03-14'),
(24, 17, 781, '2021-03-14 23:32:59', '2021-03-14'),
(25, 17, 782, '2021-03-14 23:32:59', '2021-03-14'),
(26, 17, 783, '2021-03-14 23:32:59', '2021-03-14'),
(27, 17, 784, '2021-03-14 23:32:59', '2021-03-14'),
(28, 17, 785, '2021-03-14 23:32:59', '2021-03-14');

-- --------------------------------------------------------

--
-- Estrutura da tabela `item_lista`
--

CREATE TABLE `item_lista` (
  `id_itemLista` int(11) NOT NULL,
  `id_anime` int(11) NOT NULL,
  `adicionado_em` datetime NOT NULL DEFAULT current_timestamp(),
  `status` varchar(50) NOT NULL
) ENGINE=InnoDB DEFAULT CHARSET=utf8mb4;

--
-- Extraindo dados da tabela `item_lista`
--

INSERT INTO `item_lista` (`id_itemLista`, `id_anime`, `adicionado_em`, `status`) VALUES
(1, 1, '2020-12-29 13:32:10', 'Assistindo'),
(2, 29, '2020-12-29 13:40:40', 'Assistindo'),
(3, 2, '2020-12-29 13:57:12', 'Assistindo'),
(4, 4, '2020-12-29 13:59:18', 'Assistindo'),
(5, 5, '2020-12-29 14:00:31', 'Assistindo'),
(6, 6, '2020-12-29 14:01:32', 'Assistindo'),
(7, 3, '2020-12-29 14:02:32', 'Assistindo'),
(8, 10, '2020-12-29 14:03:31', 'Assistindo'),
(9, 7, '2020-12-29 14:34:56', 'Assistindo'),
(10, 34, '2020-12-29 14:35:13', 'Assistindo'),
(11, 28, '2020-12-29 14:36:09', 'Assistindo'),
(12, 46, '2020-12-29 14:38:14', 'Assistindo'),
(13, 30, '2020-12-29 14:40:30', 'Assistindo'),
(14, 25, '2020-12-29 14:46:00', 'Assistindo'),
(15, 26, '2020-12-29 14:46:12', 'Assistindo'),
(16, 36, '2021-03-09 15:23:13', 'Assistindo'),
(17, 51, '2021-03-14 23:29:30', 'Assistindo');

--
-- Índices para tabelas despejadas
--

--
-- Índices para tabela `animes`
--
ALTER TABLE `animes`
  ADD PRIMARY KEY (`id_anime`);

--
-- Índices para tabela `eps_anime`
--
ALTER TABLE `eps_anime`
  ADD PRIMARY KEY (`id_ep_anime`);

--
-- Índices para tabela `eps_assistidos`
--
ALTER TABLE `eps_assistidos`
  ADD PRIMARY KEY (`id_ep_assistido`);

--
-- Índices para tabela `item_lista`
--
ALTER TABLE `item_lista`
  ADD PRIMARY KEY (`id_itemLista`);

--
-- AUTO_INCREMENT de tabelas despejadas
--

--
-- AUTO_INCREMENT de tabela `animes`
--
ALTER TABLE `animes`
  MODIFY `id_anime` int(11) NOT NULL AUTO_INCREMENT, AUTO_INCREMENT=58;

--
-- AUTO_INCREMENT de tabela `eps_anime`
--
ALTER TABLE `eps_anime`
  MODIFY `id_ep_anime` int(11) NOT NULL AUTO_INCREMENT, AUTO_INCREMENT=846;

--
-- AUTO_INCREMENT de tabela `eps_assistidos`
--
ALTER TABLE `eps_assistidos`
  MODIFY `id_ep_assistido` int(11) NOT NULL AUTO_INCREMENT, AUTO_INCREMENT=29;

--
-- AUTO_INCREMENT de tabela `item_lista`
--
ALTER TABLE `item_lista`
  MODIFY `id_itemLista` int(11) NOT NULL AUTO_INCREMENT, AUTO_INCREMENT=18;
COMMIT;

/*!40101 SET CHARACTER_SET_CLIENT=@OLD_CHARACTER_SET_CLIENT */;
/*!40101 SET CHARACTER_SET_RESULTS=@OLD_CHARACTER_SET_RESULTS */;
/*!40101 SET COLLATION_CONNECTION=@OLD_COLLATION_CONNECTION */;
